<environmentvariabledefinition schemaname="vystar_ContactLaunchUri">
  <defaultvalue>https://orgda9951a2.crm4.dynamics.com/main.aspx?appid=7b5b7c59-5ac5-ed11-b597-000d3ad8adb6&amp;pagetype=entityrecord&amp;etn=contact&amp;id=</defaultvalue>
  <displayname default="Contact Launch Uri">
    <label description="Contact Launch Uri" languagecode="1033" />
  </displayname>
  <introducedversion>1.0.0.0</introducedversion>
  <iscustomizable>1</iscustomizable>
  <isrequired>0</isrequired>
  <secretstore>0</secretstore>
  <type>100000000</type>
</environmentvariabledefinition>