{
  "properties": {
    "connectionReferences": {
      "shared_commondataserviceforapps": {
        "runtimeSource": "embedded",
        "connection": {
          "connectionReferenceLogicalName": "vcu_sharedcommondataserviceforapps_05ad0"
        },
        "api": {
          "name": "shared_commondataserviceforapps"
        }
      }
    },
    "definition": {
      "$schema": "https://schema.management.azure.com/providers/Microsoft.Logic/schemas/2016-06-01/workflowdefinition.json#",
      "contentVersion": "1.0.0.0",
      "parameters": {
        "$connections": {
          "defaultValue": {},
          "type": "Object"
        },
        "$authentication": {
          "defaultValue": {},
          "type": "SecureObject"
        }
      },
      "triggers": {
        "manual": {
          "metadata": {
            "operationMetadataId": "a8617eeb-7d9d-4867-aa99-00d99dace09d"
          },
          "type": "Request",
          "kind": "PowerAppV2",
          "inputs": {
            "schema": {
              "type": "object",
              "properties": {
                "text": {
                  "title": "SearchText",
                  "type": "string",
                  "x-ms-dynamically-added": true,
                  "description": "Please enter your input",
                  "x-ms-content-hint": "TEXT"
                },
                "text_1": {
                  "title": "RadioButtonText",
                  "type": "string",
                  "x-ms-dynamically-added": true,
                  "description": "Please enter your input",
                  "x-ms-content-hint": "TEXT"
                }
              },
              "required": [
                "text",
                "text_1"
              ]
            }
          }
        }
      },
      "actions": {
        "If_Search_Input_is_not_null": {
          "actions": {
            "Compose": {
              "runAfter": {
                "List_Contacts_Filtered_by_SearchInput": [
                  "Succeeded"
                ]
              },
              "metadata": {
                "operationMetadataId": "1ed83a38-d7cc-4c6c-9401-5a0ecc0ca81d"
              },
              "type": "Compose",
              "inputs": "@length(outputs('List_Contacts_Filtered_by_SearchInput')?['body/value'])"
            },
            "If_Filtered_Contacts_are_not_null": {
              "actions": {
                "Response_-_Filtered_Contacts": {
                  "runAfter": {},
                  "metadata": {
                    "operationMetadataId": "5fa9891f-bf1c-4c51-bd54-79fd276de4ff"
                  },
                  "type": "Response",
                  "kind": "Http",
                  "inputs": {
                    "statusCode": 200,
                    "body": "@outputs('List_Contacts_Filtered_by_SearchInput')?['body/value']",
                    "schema": {
                      "type": "array",
                      "items": {
                        "type": "object",
                        "properties": {
                          "@@odata.type": {
                            "type": "string"
                          },
                          "@@odata.id": {
                            "type": "string"
                          },
                          "@@odata.etag": {
                            "type": "string"
                          },
                          "@@odata.editLink": {
                            "type": "string"
                          },
                          "vcu_ssn": {
                            "type": "string"
                          },
                          "fullname": {
                            "type": "string"
                          },
                          "mobilephone": {
                            "type": "string"
                          },
                          "address1_composite": {
                            "type": "string"
                          },
                          "vcu_cif": {
                            "type": "string"
                          },
                          "address1_line2": {
                            "type": "string"
                          },
                          "address1_line1": {
                            "type": "string"
                          },
                          "address1_city": {
                            "type": "string"
                          },
                          "address1_stateorprovince": {
                            "type": "string"
                          },
                          "address1_postalcode": {
                            "type": "string"
                          },
                          "contactid@odata.type": {
                            "type": "string"
                          },
                          "contactid": {
                            "type": "string"
                          },
                          "address1_telephone1": {
                            "type": "string"
                          },
                          "address1_telephone2": {
                            "type": "string"
                          },
                          "address1_telephone3": {
                            "type": "string"
                          },
                          "telephone1": {
                            "type": "string"
                          },
                          "telephone2": {
                            "type": "string"
                          },
                          "home2": {
                            "type": "string"
                          },
                          "business2": {
                            "type": "string"
                          },
                          "vcu_formattedssn": {
                            "type": "string"
                          }
                        },
                        "required": [
                          "contactid"
                        ]
                      }
                    }
                  }
                }
              },
              "runAfter": {
                "Compose": [
                  "Succeeded"
                ]
              },
              "else": {
                "actions": {
                  "Response": {
                    "runAfter": {},
                    "metadata": {
                      "operationMetadataId": "f5afa3b4-e1f2-4410-a746-a6056817a64b"
                    },
                    "type": "Response",
                    "kind": "Http",
                    "inputs": {
                      "statusCode": 200,
                      "body": "@json('[]')"
                    }
                  }
                }
              },
              "expression": {
                "greater": [
                  "@length(outputs('List_Contacts_Filtered_by_SearchInput')?['body/value'])",
                  0
                ]
              },
              "metadata": {
                "operationMetadataId": "564ee812-da0d-4187-b583-a072a8c70ae1"
              },
              "type": "If"
            },
            "List_Contacts_Filtered_by_SearchInput": {
              "runAfter": {
                "Switch": [
                  "Succeeded"
                ]
              },
              "metadata": {
                "operationMetadataId": "9b9b5a43-4c3e-4a6c-b975-a868bdc8c683"
              },
              "type": "OpenApiConnection",
              "inputs": {
                "host": {
                  "connectionName": "shared_commondataserviceforapps",
                  "operationId": "ListRecords",
                  "apiId": "/providers/Microsoft.PowerApps/apis/shared_commondataserviceforapps"
                },
                "parameters": {
                  "entityName": "contacts",
                  "fetchXml": "<fetch version=\"1.0\" output-format=\"xml-platform\" mapping=\"logical\" distinct=\"false\">\n  <entity name=\"contact\">\n    <attribute name=\"fullname\" />\n    <attribute name=\"telephone1\" />\n    <attribute name=\"contactid\" />\n\t<attribute name=\"vcu_ssn\" />\n\t<attribute name=\"mobilephone\" />\n\t<attribute name=\"address1_composite\" />\n\t<attribute name=\"vcu_cif\" />\n\t<attribute name=\"vcu_formattedssn\" />\n\t<attribute name=\"statuscode\" />\n\t<attribute name=\"statecode\" />\n    <order attribute=\"fullname\" descending=\"false\" />\n      <filter type=\"and\">\n        <condition attribute=\"statecode\" operator=\"eq\" value=\"0\" />\n        @{variables('Contact Filter')}\n    </filter>\n  </entity>\n</fetch>"
                },
                "authentication": "@parameters('$authentication')"
              },
              "runtimeConfiguration": {
                "paginationPolicy": {
                  "minimumItemCount": 100000
                }
              }
            },
            "Switch": {
              "runAfter": {},
              "cases": {
                "Case": {
                  "case": "Name",
                  "actions": {
                    "Set_variable": {
                      "runAfter": {},
                      "metadata": {
                        "operationMetadataId": "753126f4-3764-4636-95e6-3977363efbd7"
                      },
                      "type": "SetVariable",
                      "inputs": {
                        "name": "Contact Filter",
                        "value": "<condition attribute=\"fullname\" operator=\"like\" value=\"%@{triggerBody()['text']}%\" />"
                      }
                    }
                  }
                },
                "Case_2": {
                  "case": "CIF",
                  "actions": {
                    "Set_variable_2": {
                      "runAfter": {},
                      "metadata": {
                        "operationMetadataId": "3675d256-f80c-44d7-8081-f44dc7e32174"
                      },
                      "type": "SetVariable",
                      "inputs": {
                        "name": "Contact Filter",
                        "value": "<condition attribute=\"vcu_cif\" operator=\"like\" value=\"%@{triggerBody()['text']}%\" />"
                      }
                    }
                  }
                },
                "Case_3": {
                  "case": "Social Security Number",
                  "actions": {
                    "Set_variable_3": {
                      "runAfter": {},
                      "metadata": {
                        "operationMetadataId": "628fd36b-53c7-4d00-b1b2-03142720c84a"
                      },
                      "type": "SetVariable",
                      "inputs": {
                        "name": "Contact Filter",
                        "value": "<filter type=\"or\">\n          <condition attribute=\"vcu_formattedssn\" operator=\"like\" value=\"%@{triggerBody()['text']}%\" />\n          <condition attribute=\"vcu_ssn\" operator=\"like\" value=\"%@{triggerBody()['text']}%\" />\n        </filter>"
                      }
                    }
                  }
                }
              },
              "default": {
                "actions": {
                  "Set_variable_4": {
                    "runAfter": {},
                    "metadata": {
                      "operationMetadataId": "4e4601b8-8d85-4743-82b6-5e1f0ba43487"
                    },
                    "type": "SetVariable",
                    "inputs": {
                      "name": "Contact Filter",
                      "value": "statuscode eq 1 and contains(telephone2,'@{triggerBody()['text']}') or contains(telephone1,'@{triggerBody()['text']}') or contains(home2,'@{triggerBody()['text']}') or contains(business2,'@{triggerBody()['text']}') or contains(address1_telephone1,'@{triggerBody()['text']}') or contains(address1_telephone2,'@{triggerBody()['text']}') or contains(address1_telephone3,'@{triggerBody()['text']}') or contains(mobilephone,'@{triggerBody()['text']}') or contains(vcu_cif,'@{triggerBody()['text']}') or contains(vcu_ssn,'@{triggerBody()['text']}') or contains(fullname,'@{triggerBody()['text']}') or contains(address1_city,'@{triggerBody()['text']}') or contains(address1_postalcode,'@{triggerBody()['text']}') or contains(address1_line1,'@{triggerBody()['text']}') or contains(address1_line2,'@{triggerBody()['text']}') or contains(address1_postalcode,'@{triggerBody()['text']}') or contains(address1_stateorprovince,'@{triggerBody()['text']}') or contains(vcu_formattedssn,'@{triggerBody()['text']}')"
                    }
                  }
                }
              },
              "expression": "@triggerBody()['text_1']",
              "metadata": {
                "operationMetadataId": "098de902-97c3-42e3-a3c6-2245158e7649"
              },
              "type": "Switch"
            }
          },
          "runAfter": {
            "Contact_Filter": [
              "Succeeded"
            ]
          },
          "expression": {
            "not": {
              "equals": [
                "@triggerBody()['text']",
                "@null"
              ]
            }
          },
          "metadata": {
            "operationMetadataId": "ca5bf77f-2576-4b76-87c4-9cf54efa870b"
          },
          "type": "If"
        },
        "Contact_Filter": {
          "runAfter": {},
          "metadata": {
            "operationMetadataId": "eeb1d04c-2bad-4141-91fe-b8d326d27f09"
          },
          "type": "InitializeVariable",
          "inputs": {
            "variables": [
              {
                "name": "Contact Filter",
                "type": "string"
              }
            ]
          }
        }
      },
      "outputs": {}
    },
    "templateName": ""
  },
  "schemaVersion": "1.0.0.0"
}