{
  "properties": {
    "connectionReferences": {
      "shared_commondataserviceforapps": {
        "runtimeSource": "embedded",
        "connection": {
          "connectionReferenceLogicalName": "vcu_sharedcommondataserviceforapps_05ad0"
        },
        "api": {
          "name": "shared_commondataserviceforapps"
        }
      }
    },
    "definition": {
      "$schema": "https://schema.management.azure.com/providers/Microsoft.Logic/schemas/2016-06-01/workflowdefinition.json#",
      "contentVersion": "1.0.0.0",
      "parameters": {
        "$connections": {
          "defaultValue": {},
          "type": "Object"
        },
        "$authentication": {
          "defaultValue": {},
          "type": "SecureObject"
        }
      },
      "triggers": {
        "When_phone_number_fields_changed_or_Member_created_with_phone_number_fields": {
          "metadata": {
            "operationMetadataId": "f54e23df-5ab6-4e92-8556-8e0de30a9710"
          },
          "type": "OpenApiConnectionWebhook",
          "inputs": {
            "host": {
              "connectionName": "shared_commondataserviceforapps",
              "operationId": "SubscribeWebhookTrigger",
              "apiId": "/providers/Microsoft.PowerApps/apis/shared_commondataserviceforapps"
            },
            "parameters": {
              "subscriptionRequest/message": 4,
              "subscriptionRequest/entityname": "contact",
              "subscriptionRequest/scope": 4,
              "subscriptionRequest/filteringattributes": "telephone2, mobilephone",
              "subscriptionRequest/filterexpression": "telephone2 eq null or telephone2 ne null or mobilephone eq null or mobilephone ne null"
            },
            "authentication": "@parameters('$authentication')"
          }
        }
      },
      "actions": {
        "Special_Characters": {
          "runAfter": {},
          "metadata": {
            "operationMetadataId": "4348c46b-ac9c-4470-bd7b-08514bc97194"
          },
          "type": "InitializeVariable",
          "inputs": {
            "variables": [
              {
                "name": "Special Char",
                "type": "array",
                "value": [
                  " ",
                  "(",
                  ")",
                  "-",
                  "."
                ]
              }
            ]
          }
        },
        "HomePhone": {
          "runAfter": {
            "Special_Characters": [
              "Succeeded"
            ]
          },
          "metadata": {
            "operationMetadataId": "b4517f20-07b2-4cb6-b82a-0e38a057e2fd"
          },
          "type": "InitializeVariable",
          "inputs": {
            "variables": [
              {
                "name": "Home Phone",
                "type": "string",
                "value": "@triggerOutputs()?['body/telephone2']"
              }
            ]
          }
        },
        "Repeating_characters": {
          "runAfter": {
            "MobilePhone": [
              "Succeeded"
            ]
          },
          "metadata": {
            "operationMetadataId": "7b40f81f-076a-4caf-bd49-438fd342a10c"
          },
          "type": "InitializeVariable",
          "inputs": {
            "variables": [
              {
                "name": "Repeating characters",
                "type": "string"
              }
            ]
          }
        },
        "MobilePhone": {
          "runAfter": {
            "HomePhone": [
              "Succeeded"
            ]
          },
          "metadata": {
            "operationMetadataId": "b4517f20-07b2-4cb6-b82a-0e38a057e2fd"
          },
          "type": "InitializeVariable",
          "inputs": {
            "variables": [
              {
                "name": "Mobile Phone",
                "type": "string",
                "value": "@triggerOutputs()?['body/mobilephone']"
              }
            ]
          }
        },
        "If_Mobile_Phone_not_null": {
          "actions": {
            "Apply_to_each_2": {
              "foreach": "@variables('Special Char')",
              "actions": {
                "Set_variable_2": {
                  "runAfter": {},
                  "metadata": {
                    "operationMetadataId": "e5a0241a-226f-4089-a710-ae0f3b77acf5"
                  },
                  "type": "SetVariable",
                  "inputs": {
                    "name": "Repeating characters",
                    "value": "@{replace(variables('Mobile Phone'),item(),'')}"
                  }
                },
                "Set_Mobile_Phone": {
                  "runAfter": {
                    "Set_variable_2": [
                      "Succeeded"
                    ]
                  },
                  "metadata": {
                    "operationMetadataId": "ec8ef9ff-1f5d-4fd3-a8b8-3998407c9745"
                  },
                  "type": "SetVariable",
                  "inputs": {
                    "name": "Mobile Phone",
                    "value": "@variables('Repeating characters')"
                  }
                }
              },
              "runAfter": {},
              "metadata": {
                "operationMetadataId": "fe5d814d-7931-4ab1-894e-8bfb78522d6c"
              },
              "type": "Foreach"
            }
          },
          "runAfter": {
            "If_Home_Phone_not_null": [
              "Succeeded"
            ]
          },
          "expression": {
            "not": {
              "equals": [
                "@variables('Mobile Phone')",
                "@null"
              ]
            }
          },
          "metadata": {
            "operationMetadataId": "addf44bc-0611-4a86-a432-61e1a5306c1f"
          },
          "type": "If"
        },
        "If_Home_Phone_not_null": {
          "actions": {
            "Apply_to_each": {
              "foreach": "@variables('Special Char')",
              "actions": {
                "Set_variable": {
                  "runAfter": {},
                  "metadata": {
                    "operationMetadataId": "e5a0241a-226f-4089-a710-ae0f3b77acf5"
                  },
                  "type": "SetVariable",
                  "inputs": {
                    "name": "Repeating characters",
                    "value": "@{replace(variables('Home Phone'),item(),'')}"
                  }
                },
                "Set_Home_Phone": {
                  "runAfter": {
                    "Set_variable": [
                      "Succeeded"
                    ]
                  },
                  "metadata": {
                    "operationMetadataId": "ec8ef9ff-1f5d-4fd3-a8b8-3998407c9745"
                  },
                  "type": "SetVariable",
                  "inputs": {
                    "name": "Home Phone",
                    "value": "@variables('Repeating characters')"
                  }
                }
              },
              "runAfter": {},
              "metadata": {
                "operationMetadataId": "fe5d814d-7931-4ab1-894e-8bfb78522d6c"
              },
              "type": "Foreach"
            }
          },
          "runAfter": {
            "Repeating_characters": [
              "Succeeded"
            ]
          },
          "expression": {
            "not": {
              "equals": [
                "@variables('Home Phone')",
                "@null"
              ]
            }
          },
          "metadata": {
            "operationMetadataId": "addf44bc-0611-4a86-a432-61e1a5306c1f"
          },
          "type": "If"
        },
        "Update_a_row": {
          "runAfter": {
            "mphone": [
              "Succeeded"
            ]
          },
          "metadata": {
            "operationMetadataId": "d9e58616-d4c7-4e5b-a0fb-505bb40d1cac"
          },
          "type": "OpenApiConnection",
          "inputs": {
            "host": {
              "connectionName": "shared_commondataserviceforapps",
              "operationId": "UpdateOnlyRecord",
              "apiId": "/providers/Microsoft.PowerApps/apis/shared_commondataserviceforapps"
            },
            "parameters": {
              "entityName": "contacts",
              "recordId": "@triggerOutputs()?['body/contactid']",
              "item/vcu_telephone1cleaned": "@if(empty(variables('Home Phone')),null,variables('Home Phone'))",
              "item/vcu_mobilephonecleaned": "@if(empty(variables('Mobile Phone')),null,variables('Mobile Phone'))"
            },
            "authentication": "@parameters('$authentication')"
          }
        },
        "Hphone": {
          "runAfter": {
            "If_Mobile_Phone_not_null": [
              "Succeeded"
            ]
          },
          "metadata": {
            "operationMetadataId": "9608e0b9-7b11-4a2c-a341-97b19df062b4"
          },
          "type": "Compose",
          "inputs": "@if(empty(variables('Home Phone')),null,variables('Home Phone'))"
        },
        "mphone": {
          "runAfter": {
            "Hphone": [
              "Succeeded"
            ]
          },
          "metadata": {
            "operationMetadataId": "492d2d39-abc1-4fe4-a776-81bce3c5bae0"
          },
          "type": "Compose",
          "inputs": "@if(empty(variables('Mobile Phone')),null,variables('Mobile Phone'))"
        }
      },
      "outputs": {}
    },
    "templateName": ""
  },
  "schemaVersion": "1.0.0.0"
}