<ImportExportXml version="9.2.25013.202" SolutionPackageVersion="9.2" languagecode="1033" generatedBy="CrmLive" xmlns:xsi="http://www.w3.org/2001/XMLSchema-instance" OrganizationVersion="9.2.25013.202" OrganizationSchemaType="Full" CRMServerServiceabilityVersion="9.2.25013.00202">
  <SolutionManifest>
    <UniqueName>Telephone1Cleaned</UniqueName>
    <LocalizedNames>
      <LocalizedName description="Telephone1Cleaned" languagecode="1033" />
    </LocalizedNames>
    <Descriptions />
    <Version>1.0.0.0</Version>
    <Managed>0</Managed>
    <Publisher>
      <UniqueName>vystarcu</UniqueName>
      <LocalizedNames>
        <LocalizedName description="VystarCU" languagecode="1033" />
      </LocalizedNames>
      <Descriptions />
      <EMailAddress xsi:nil="true"></EMailAddress>
      <SupportingWebsiteUrl xsi:nil="true"></SupportingWebsiteUrl>
      <CustomizationPrefix>vcu</CustomizationPrefix>
      <CustomizationOptionValuePrefix>80044</CustomizationOptionValuePrefix>
      <Addresses>
        <Address>
          <AddressNumber>1</AddressNumber>
          <AddressTypeCode>1</AddressTypeCode>
          <City xsi:nil="true"></City>
          <County xsi:nil="true"></County>
          <Country xsi:nil="true"></Country>
          <Fax xsi:nil="true"></Fax>
          <FreightTermsCode xsi:nil="true"></FreightTermsCode>
          <ImportSequenceNumber xsi:nil="true"></ImportSequenceNumber>
          <Latitude xsi:nil="true"></Latitude>
          <Line1 xsi:nil="true"></Line1>
          <Line2 xsi:nil="true"></Line2>
          <Line3 xsi:nil="true"></Line3>
          <Longitude xsi:nil="true"></Longitude>
          <Name xsi:nil="true"></Name>
          <PostalCode xsi:nil="true"></PostalCode>
          <PostOfficeBox xsi:nil="true"></PostOfficeBox>
          <PrimaryContactName xsi:nil="true"></PrimaryContactName>
          <ShippingMethodCode>1</ShippingMethodCode>
          <StateOrProvince xsi:nil="true"></StateOrProvince>
          <Telephone1 xsi:nil="true"></Telephone1>
          <Telephone2 xsi:nil="true"></Telephone2>
          <Telephone3 xsi:nil="true"></Telephone3>
          <TimeZoneRuleVersionNumber xsi:nil="true"></TimeZoneRuleVersionNumber>
          <UPSZone xsi:nil="true"></UPSZone>
          <UTCOffset xsi:nil="true"></UTCOffset>
          <UTCConversionTimeZoneCode xsi:nil="true"></UTCConversionTimeZoneCode>
        </Address>
        <Address>
          <AddressNumber>2</AddressNumber>
          <AddressTypeCode>1</AddressTypeCode>
          <City xsi:nil="true"></City>
          <County xsi:nil="true"></County>
          <Country xsi:nil="true"></Country>
          <Fax xsi:nil="true"></Fax>
          <FreightTermsCode xsi:nil="true"></FreightTermsCode>
          <ImportSequenceNumber xsi:nil="true"></ImportSequenceNumber>
          <Latitude xsi:nil="true"></Latitude>
          <Line1 xsi:nil="true"></Line1>
          <Line2 xsi:nil="true"></Line2>
          <Line3 xsi:nil="true"></Line3>
          <Longitude xsi:nil="true"></Longitude>
          <Name xsi:nil="true"></Name>
          <PostalCode xsi:nil="true"></PostalCode>
          <PostOfficeBox xsi:nil="true"></PostOfficeBox>
          <PrimaryContactName xsi:nil="true"></PrimaryContactName>
          <ShippingMethodCode>1</ShippingMethodCode>
          <StateOrProvince xsi:nil="true"></StateOrProvince>
          <Telephone1 xsi:nil="true"></Telephone1>
          <Telephone2 xsi:nil="true"></Telephone2>
          <Telephone3 xsi:nil="true"></Telephone3>
          <TimeZoneRuleVersionNumber xsi:nil="true"></TimeZoneRuleVersionNumber>
          <UPSZone xsi:nil="true"></UPSZone>
          <UTCOffset xsi:nil="true"></UTCOffset>
          <UTCConversionTimeZoneCode xsi:nil="true"></UTCConversionTimeZoneCode>
        </Address>
      </Addresses>
    </Publisher>
    <RootComponents>
      <RootComponent type="1" schemaName="contact" behavior="1" />
      <RootComponent type="29" id="{398f2fa4-d9cc-ef11-b8e8-7c1e525c86cc}" behavior="0" />
    </RootComponents>
    <MissingDependencies>
      <MissingDependency>
        <Required type="1" schemaName="incident" displayName="Case" solution="msdynce_Service (9.0.5.56)">
          <package appName="msdynce_Service" version="9.0.25013.1004">msdynce_ServiceAnchor (9.0.25013.1004)</package>
        </Required>
        <Dependent type="60" displayName="Business Services Form" parentDisplayName="Member" id="{fdf0d73f-f6f6-49a2-a64d-6d9f445a476d}" />
      </MissingDependency>
      <MissingDependency>
        <Required type="1" schemaName="vcu_contactaccounts" displayName="Customer Account" solution="Active" />
        <Dependent type="60" displayName="Business Services Form" parentDisplayName="Member" id="{fdf0d73f-f6f6-49a2-a64d-6d9f445a476d}" />
      </MissingDependency>
      <MissingDependency>
        <Required type="1" schemaName="vcu_mqcreditcardloanbalances" displayName="Credit Card/Loan" solution="Active" />
        <Dependent type="60" displayName="Business Services Form" parentDisplayName="Member" id="{fdf0d73f-f6f6-49a2-a64d-6d9f445a476d}" />
      </MissingDependency>
      <MissingDependency>
        <Required type="1" schemaName="vcu_mqloansmortgageheloc" displayName="Mortgage/HELOC" solution="Active" />
        <Dependent type="60" displayName="Business Services Form" parentDisplayName="Member" id="{fdf0d73f-f6f6-49a2-a64d-6d9f445a476d}" />
      </MissingDependency>
      <MissingDependency>
        <Required type="1" schemaName="vcu_mqmoneymanagement" displayName="Deposit Account" solution="Active" />
        <Dependent type="60" displayName="Business Services Form" parentDisplayName="Member" id="{fdf0d73f-f6f6-49a2-a64d-6d9f445a476d}" />
      </MissingDependency>
      <MissingDependency>
        <Required type="1" schemaName="vcu_referral2" displayName="Referral" solution="Active" />
        <Dependent type="60" displayName="Business Services Form" parentDisplayName="Member" id="{fdf0d73f-f6f6-49a2-a64d-6d9f445a476d}" />
      </MissingDependency>
      <MissingDependency>
        <Required type="1" schemaName="vcu_visnotes" displayName="VIS Notes &amp; Tasks" solution="Active" />
        <Dependent type="60" displayName="Business Services Form" parentDisplayName="Member" id="{fdf0d73f-f6f6-49a2-a64d-6d9f445a476d}" />
      </MissingDependency>
      <MissingDependency>
        <Required type="10" schemaName="vcu_ContactToAccount" displayName="vcu_ContactToAccount" parentSchemaName="account" parentDisplayName="Business" solution="Active" />
        <Dependent type="60" displayName="Business Services Form" parentDisplayName="Member" id="{fdf0d73f-f6f6-49a2-a64d-6d9f445a476d}" />
      </MissingDependency>
      <MissingDependency>
        <Required type="10" schemaName="vcu_account_contact_Companies" displayName="vcu_account_contact_Companies" parentSchemaName="contact" parentDisplayName="Member" solution="Active" />
        <Dependent type="60" displayName="Business Services Form" parentDisplayName="Member" id="{fdf0d73f-f6f6-49a2-a64d-6d9f445a476d}" />
      </MissingDependency>
      <MissingDependency>
        <Required type="10" schemaName="vcu_adx_urlhistory_contact_VyStarAtWorkRepresentative" displayName="vcu_adx_urlhistory_contact_VyStarAtWorkRepresentative" parentSchemaName="contact" parentDisplayName="Member" solution="Active" />
        <Dependent type="60" displayName="Business Services Form" parentDisplayName="Member" id="{fdf0d73f-f6f6-49a2-a64d-6d9f445a476d}" />
      </MissingDependency>
      <MissingDependency>
        <Required type="10" schemaName="vcu_branch_contactlu" displayName="vcu_branch_contactlu" parentSchemaName="contact" parentDisplayName="Member" solution="Active" />
        <Dependent type="60" displayName="Business Services Form" parentDisplayName="Member" id="{fdf0d73f-f6f6-49a2-a64d-6d9f445a476d}" />
      </MissingDependency>
      <MissingDependency>
        <Required type="10" schemaName="vcu_businessgoal_contact_Domicile" displayName="vcu_businessgoal_contact_Domicile" parentSchemaName="contact" parentDisplayName="Member" solution="Active" />
        <Dependent type="60" displayName="Business Services Form" parentDisplayName="Member" id="{fdf0d73f-f6f6-49a2-a64d-6d9f445a476d}" />
      </MissingDependency>
      <MissingDependency>
        <Required type="10" schemaName="vcu_contact_BranchAssist_vcu_businessgoal" displayName="vcu_contact_BranchAssist_vcu_businessgoal" parentSchemaName="contact" parentDisplayName="Member" solution="Active" />
        <Dependent type="60" displayName="Business Services Form" parentDisplayName="Member" id="{fdf0d73f-f6f6-49a2-a64d-6d9f445a476d}" />
      </MissingDependency>
      <MissingDependency>
        <Required type="10" schemaName="vcu_contact_contact_ParentContact" displayName="vcu_contact_contact_ParentContact" parentSchemaName="contact" parentDisplayName="Member" solution="Active" />
        <Dependent type="60" displayName="Business Services Form" parentDisplayName="Member" id="{fdf0d73f-f6f6-49a2-a64d-6d9f445a476d}" />
      </MissingDependency>
      <MissingDependency>
        <Required type="10" schemaName="vcu_contact_contact_ReferringVyStarMember" displayName="vcu_contact_contact_ReferringVyStarMember" parentSchemaName="contact" parentDisplayName="Member" solution="Active" />
        <Dependent type="60" displayName="Business Services Form" parentDisplayName="Member" id="{fdf0d73f-f6f6-49a2-a64d-6d9f445a476d}" />
      </MissingDependency>
      <MissingDependency>
        <Required type="10" schemaName="vcu_contact_ExpressRep_systemuser" displayName="vcu_contact_ExpressRep_systemuser" parentSchemaName="contact" parentDisplayName="Member" solution="Active" />
        <Dependent type="60" displayName="Business Services Form" parentDisplayName="Member" id="{fdf0d73f-f6f6-49a2-a64d-6d9f445a476d}" />
      </MissingDependency>
      <MissingDependency>
        <Required type="10" schemaName="vcu_contact_OriginBranch_vcu_businessgoal" displayName="vcu_contact_OriginBranch_vcu_businessgoal" parentSchemaName="contact" parentDisplayName="Member" solution="Active" />
        <Dependent type="60" displayName="Business Services Form" parentDisplayName="Member" id="{fdf0d73f-f6f6-49a2-a64d-6d9f445a476d}" />
      </MissingDependency>
      <MissingDependency>
        <Required type="10" schemaName="vcu_systemuser_contact_BusinessServicesSalesAgentid" displayName="vcu_systemuser_contact_BusinessServicesSalesAgentid" parentSchemaName="contact" parentDisplayName="Member" solution="Active" />
        <Dependent type="60" displayName="Business Services Form" parentDisplayName="Member" id="{fdf0d73f-f6f6-49a2-a64d-6d9f445a476d}" />
      </MissingDependency>
      <MissingDependency>
        <Required type="10" schemaName="vcu_systemuser_contact_CommercialServicesRepresentative" displayName="vcu_systemuser_contact_CommercialServicesRepresentative" parentSchemaName="contact" parentDisplayName="Member" solution="Active" />
        <Dependent type="60" displayName="Business Services Form" parentDisplayName="Member" id="{fdf0d73f-f6f6-49a2-a64d-6d9f445a476d}" />
      </MissingDependency>
      <MissingDependency>
        <Required type="10" schemaName="vcu_systemuser_contact_lberepresentative" displayName="vcu_systemuser_contact_lberepresentative" parentSchemaName="contact" parentDisplayName="Member" solution="Active" />
        <Dependent type="60" displayName="Business Services Form" parentDisplayName="Member" id="{fdf0d73f-f6f6-49a2-a64d-6d9f445a476d}" />
      </MissingDependency>
      <MissingDependency>
        <Required type="10" schemaName="vcu_systemuser_contact_MortgageOriginationRepresentative" displayName="vcu_systemuser_contact_MortgageOriginationRepresentative" parentSchemaName="contact" parentDisplayName="Member" solution="Active" />
        <Dependent type="60" displayName="Business Services Form" parentDisplayName="Member" id="{fdf0d73f-f6f6-49a2-a64d-6d9f445a476d}" />
      </MissingDependency>
      <MissingDependency>
        <Required type="10" schemaName="vcu_systemuser_contact_QuestionnaireCompletedBy" displayName="vcu_systemuser_contact_QuestionnaireCompletedBy" parentSchemaName="contact" parentDisplayName="Member" solution="Active" />
        <Dependent type="60" displayName="Business Services Form" parentDisplayName="Member" id="{fdf0d73f-f6f6-49a2-a64d-6d9f445a476d}" />
      </MissingDependency>
      <MissingDependency>
        <Required type="10" schemaName="vcu_systemuser_contact_RelationshipSpecialist" displayName="vcu_systemuser_contact_RelationshipSpecialist" parentSchemaName="contact" parentDisplayName="Member" solution="Active" />
        <Dependent type="60" displayName="Business Services Form" parentDisplayName="Member" id="{fdf0d73f-f6f6-49a2-a64d-6d9f445a476d}" />
      </MissingDependency>
      <MissingDependency>
        <Required type="10" schemaName="vcu_systemuser_contact_VIARepresentative" displayName="vcu_systemuser_contact_VIARepresentative" parentSchemaName="contact" parentDisplayName="Member" solution="Active" />
        <Dependent type="60" displayName="Business Services Form" parentDisplayName="Member" id="{fdf0d73f-f6f6-49a2-a64d-6d9f445a476d}" />
      </MissingDependency>
      <MissingDependency>
        <Required type="10" schemaName="vcu_systemuser_contact_VISRepresentative" displayName="vcu_systemuser_contact_VISRepresentative" parentSchemaName="contact" parentDisplayName="Member" solution="Active" />
        <Dependent type="60" displayName="Business Services Form" parentDisplayName="Member" id="{fdf0d73f-f6f6-49a2-a64d-6d9f445a476d}" />
      </MissingDependency>
      <MissingDependency>
        <Required type="10" schemaName="msdyn_msdyn_conversationparticipantinsights_contact_msdyn_User" displayName="msdyn_msdyn_conversationparticipantinsights_contact_msdyn_User" parentSchemaName="msdyn_conversationparticipantinsights" parentDisplayName="Conversation Participant Insights" solution="msdyn_Conversation_Intelligence (9.0.1.1269)">
          <package appName="Dynamics 365 Sales Conversation Intelligence" version="9.0.1.1269">msdyn_SalesConversationIntelligenceAnchor (9.0.1.1269)</package>
        </Required>
        <Dependent type="60" displayName="Business Services Form" parentDisplayName="Member" id="{fdf0d73f-f6f6-49a2-a64d-6d9f445a476d}" />
      </MissingDependency>
      <MissingDependency>
        <Required type="10" schemaName="msdyn_contact_dailycontactkpiitem_entityid" displayName="msdyn_contact_dailycontactkpiitem_entityid" parentSchemaName="msdyn_dailycontactkpiitem" parentDisplayName="Daily kpis for contact" solution="RelationshipAnalytics (9.0.25012.10001)">
          <package appName="msdynce_SalesInsights" version="9.0.25012.10005">msdynce_SalesInsightsAnchor (9.0.25012.10005)</package>
          <package appName="Dynamics 365 Sales Insights Add-On" version="9.0.23071.10002">SalesInsightsAddOn (9.0.23071.10002)</package>
        </Required>
        <Dependent type="60" displayName="Business Services Form" parentDisplayName="Member" id="{fdf0d73f-f6f6-49a2-a64d-6d9f445a476d}" />
      </MissingDependency>
      <MissingDependency>
        <Required type="10" schemaName="msdyn_contact_msdyn_liveconversation_Customer" displayName="msdyn_contact_msdyn_liveconversation_Customer" parentSchemaName="msdyn_liveconversation" parentDisplayName="Ongoing conversation (Deprecated)" solution="OmnichannelBase (1.10.0.84)">
          <package appName="UnifiedRoutingPrime" version="1.5.26.169">UnifiedRoutingPrimeAnchor (1.5.26.169)</package>
        </Required>
        <Dependent type="60" displayName="Business Services Form" parentDisplayName="Member" id="{fdf0d73f-f6f6-49a2-a64d-6d9f445a476d}" />
      </MissingDependency>
      <MissingDependency>
        <Required type="10" schemaName="msdyn_contact_msdyn_ocliveworkitem_Customer" displayName="msdyn_contact_msdyn_ocliveworkitem_Customer" parentSchemaName="msdyn_ocliveworkitem" parentDisplayName="Conversation" solution="OmnichannelBase (1.10.0.84)">
          <package appName="UnifiedRoutingPrime" version="1.5.26.169">UnifiedRoutingPrimeAnchor (1.5.26.169)</package>
        </Required>
        <Dependent type="60" displayName="Business Services Form" parentDisplayName="Member" id="{fdf0d73f-f6f6-49a2-a64d-6d9f445a476d}" />
      </MissingDependency>
      <MissingDependency>
        <Required type="10" schemaName="contact_msdyn_orgchartnode_msdyn_noderecord" displayName="contact_msdyn_orgchartnode_msdyn_noderecord" parentSchemaName="msdyn_orgchartnode" parentDisplayName="Microsoft Orgchart node entity" solution="msdyn_LinkedInExtensions (9.0.24113.10019)">
          <package appName="msdyn_SalesIntegrationsAndAddOns" version="9.0.25012.10003">msdyn_SalesIntegrationsAddOns (9.0.25012.10003)</package>
        </Required>
        <Dependent type="60" displayName="Business Services Form" parentDisplayName="Member" id="{fdf0d73f-f6f6-49a2-a64d-6d9f445a476d}" />
      </MissingDependency>
      <MissingDependency>
        <Required type="10" schemaName="msdyn_msdyn_taggedrecord_contact_msdyn_dynamicsrecordid" displayName="msdyn_msdyn_taggedrecord_contact_msdyn_dynamicsrecordid" parentSchemaName="msdyn_taggedrecord" parentDisplayName="Tagged Record" solution="msdyn_VivaSalesCore (9.22.24355.2)">
          <package appName="msdynce_Sales" version="9.0.25012.10003">msdynce_SalesAnchor (9.0.25012.10003)</package>
        </Required>
        <Dependent type="60" displayName="Business Services Form" parentDisplayName="Member" id="{fdf0d73f-f6f6-49a2-a64d-6d9f445a476d}" />
      </MissingDependency>
      <MissingDependency>
        <Required type="10" schemaName="vcu_commercialserviceopportunities_BusinessCo" displayName="vcu_commercialserviceopportunities_BusinessCo" parentSchemaName="vcu_commercialserviceopportunities" parentDisplayName="Commercial Service Opportunities" solution="Active" />
        <Dependent type="60" displayName="Business Services Form" parentDisplayName="Member" id="{fdf0d73f-f6f6-49a2-a64d-6d9f445a476d}" />
      </MissingDependency>
      <MissingDependency>
        <Required type="10" schemaName="vcu_contact_vcu_contactaccounts_OriginalContactCIF" displayName="vcu_contact_vcu_contactaccounts_OriginalContactCIF" parentSchemaName="vcu_contactaccounts" parentDisplayName="Customer Account" solution="Active" />
        <Dependent type="60" displayName="Business Services Form" parentDisplayName="Member" id="{fdf0d73f-f6f6-49a2-a64d-6d9f445a476d}" />
      </MissingDependency>
      <MissingDependency>
        <Required type="10" schemaName="vcu_contactaccounts_Contact" displayName="vcu_contactaccounts_Contact" parentSchemaName="vcu_contactaccounts" parentDisplayName="Customer Account" solution="Active" />
        <Dependent type="60" displayName="Business Services Form" parentDisplayName="Member" id="{fdf0d73f-f6f6-49a2-a64d-6d9f445a476d}" />
      </MissingDependency>
      <MissingDependency>
        <Required type="10" schemaName="vcu_contact_vcu_creditcards_Member" displayName="vcu_contact_vcu_creditcards_Member" parentSchemaName="vcu_creditcards" parentDisplayName="Credit Card" solution="Active" />
        <Dependent type="60" displayName="Business Services Form" parentDisplayName="Member" id="{fdf0d73f-f6f6-49a2-a64d-6d9f445a476d}" />
      </MissingDependency>
      <MissingDependency>
        <Required type="10" schemaName="vcu_contact_vcu_memberhistory_member" displayName="vcu_contact_vcu_memberhistory_member" parentSchemaName="vcu_memberhistory" parentDisplayName="Member History" solution="Active" />
        <Dependent type="60" displayName="Business Services Form" parentDisplayName="Member" id="{fdf0d73f-f6f6-49a2-a64d-6d9f445a476d}" />
      </MissingDependency>
      <MissingDependency>
        <Required type="10" schemaName="vcu_contact_vcu_mqcreditcardloanbalances_Member" displayName="vcu_contact_vcu_mqcreditcardloanbalances_Member" parentSchemaName="vcu_mqcreditcardloanbalances" parentDisplayName="Credit Card/Loan" solution="Active" />
        <Dependent type="60" displayName="Business Services Form" parentDisplayName="Member" id="{fdf0d73f-f6f6-49a2-a64d-6d9f445a476d}" />
      </MissingDependency>
      <MissingDependency>
        <Required type="10" schemaName="vcu_contact_vcu_mqloansmortgageheloc_Memberlu" displayName="vcu_contact_vcu_mqloansmortgageheloc_Memberlu" parentSchemaName="vcu_mqloansmortgageheloc" parentDisplayName="Mortgage/HELOC" solution="Active" />
        <Dependent type="60" displayName="Business Services Form" parentDisplayName="Member" id="{fdf0d73f-f6f6-49a2-a64d-6d9f445a476d}" />
      </MissingDependency>
      <MissingDependency>
        <Required type="10" schemaName="vcu_contact_vcu_mqmoneymanagement_Memberlu" displayName="vcu_contact_vcu_mqmoneymanagement_Memberlu" parentSchemaName="vcu_mqmoneymanagement" parentDisplayName="Deposit Account" solution="Active" />
        <Dependent type="60" displayName="Business Services Form" parentDisplayName="Member" id="{fdf0d73f-f6f6-49a2-a64d-6d9f445a476d}" />
      </MissingDependency>
      <MissingDependency>
        <Required type="10" schemaName="vcu_contact_vcu_referral2_ExistingPersonalMember" displayName="vcu_contact_vcu_referral2_ExistingPersonalMember" parentSchemaName="vcu_referral2" parentDisplayName="Referral" solution="Active" />
        <Dependent type="60" displayName="Business Services Form" parentDisplayName="Member" id="{fdf0d73f-f6f6-49a2-a64d-6d9f445a476d}" />
      </MissingDependency>
      <MissingDependency>
        <Required type="10" schemaName="vcu_contact_vcu_visnotes_member" displayName="vcu_contact_vcu_visnotes_member" parentSchemaName="vcu_visnotes" parentDisplayName="VIS Notes &amp; Tasks" solution="Active" />
        <Dependent type="60" displayName="Business Services Form" parentDisplayName="Member" id="{fdf0d73f-f6f6-49a2-a64d-6d9f445a476d}" />
      </MissingDependency>
      <MissingDependency>
        <Required type="2" schemaName="vcu_allowbusinessphone" displayName="Allow Business Phone" parentSchemaName="contact" parentDisplayName="Member" solution="Active" />
        <Dependent type="60" displayName="Business Services Form" parentDisplayName="Member" id="{fdf0d73f-f6f6-49a2-a64d-6d9f445a476d}" />
      </MissingDependency>
      <MissingDependency>
        <Required type="2" schemaName="vcu_allowcellphone" displayName="Allow Cell Phone" parentSchemaName="contact" parentDisplayName="Member" solution="Active" />
        <Dependent type="60" displayName="Business Services Form" parentDisplayName="Member" id="{fdf0d73f-f6f6-49a2-a64d-6d9f445a476d}" />
      </MissingDependency>
      <MissingDependency>
        <Required type="2" schemaName="vcu_allowemail" displayName="Allow Email" parentSchemaName="contact" parentDisplayName="Member" solution="Active" />
        <Dependent type="60" displayName="Business Services Form" parentDisplayName="Member" id="{fdf0d73f-f6f6-49a2-a64d-6d9f445a476d}" />
      </MissingDependency>
      <MissingDependency>
        <Required type="2" schemaName="vcu_allowfax" displayName="Fax" parentSchemaName="contact" parentDisplayName="Member" solution="Active" />
        <Dependent type="60" displayName="Business Services Form" parentDisplayName="Member" id="{fdf0d73f-f6f6-49a2-a64d-6d9f445a476d}" />
      </MissingDependency>
      <MissingDependency>
        <Required type="2" schemaName="vcu_allowpager" displayName="Allow Pager" parentSchemaName="contact" parentDisplayName="Member" solution="Active" />
        <Dependent type="60" displayName="Business Services Form" parentDisplayName="Member" id="{fdf0d73f-f6f6-49a2-a64d-6d9f445a476d}" />
      </MissingDependency>
      <MissingDependency>
        <Required type="2" schemaName="vcu_allowphone" displayName="Allow Phone" parentSchemaName="contact" parentDisplayName="Member" solution="Active" />
        <Dependent type="60" displayName="Business Services Form" parentDisplayName="Member" id="{fdf0d73f-f6f6-49a2-a64d-6d9f445a476d}" />
      </MissingDependency>
      <MissingDependency>
        <Required type="2" schemaName="vcu_anyold401ks" displayName="Any old 401k's?" parentSchemaName="contact" parentDisplayName="Member" solution="Active" />
        <Dependent type="60" displayName="Business Services Form" parentDisplayName="Member" id="{fdf0d73f-f6f6-49a2-a64d-6d9f445a476d}" />
      </MissingDependency>
      <MissingDependency>
        <Required type="2" schemaName="vcu_anyotherfundsyouhaveincaseofanemergency" displayName="Any other funds you have in case of an emergency?" parentSchemaName="contact" parentDisplayName="Member" solution="Active" />
        <Dependent type="60" displayName="Business Services Form" parentDisplayName="Member" id="{fdf0d73f-f6f6-49a2-a64d-6d9f445a476d}" />
      </MissingDependency>
      <MissingDependency>
        <Required type="2" schemaName="vcu_atmmember" displayName="ATM?" parentSchemaName="contact" parentDisplayName="Member" solution="Active" />
        <Dependent type="60" displayName="Business Services Form" parentDisplayName="Member" id="{fdf0d73f-f6f6-49a2-a64d-6d9f445a476d}" />
      </MissingDependency>
      <MissingDependency>
        <Required type="2" schemaName="vcu_balances" displayName="Balances" parentSchemaName="contact" parentDisplayName="Member" solution="Active" />
        <Dependent type="60" displayName="Business Services Form" parentDisplayName="Member" id="{fdf0d73f-f6f6-49a2-a64d-6d9f445a476d}" />
      </MissingDependency>
      <MissingDependency>
        <Required type="2" schemaName="vcu_billpaymentsoverthelast12months" displayName="Bill payments over the last 12 months?" parentSchemaName="contact" parentDisplayName="Member" solution="Active" />
        <Dependent type="60" displayName="Business Services Form" parentDisplayName="Member" id="{fdf0d73f-f6f6-49a2-a64d-6d9f445a476d}" />
      </MissingDependency>
      <MissingDependency>
        <Required type="2" schemaName="vcu_borrowscore" displayName="Borrow Score" parentSchemaName="contact" parentDisplayName="Member" solution="Active" />
        <Dependent type="60" displayName="Business Services Form" parentDisplayName="Member" id="{fdf0d73f-f6f6-49a2-a64d-6d9f445a476d}" />
      </MissingDependency>
      <MissingDependency>
        <Required type="2" schemaName="vcu_branch" displayName="Branch" parentSchemaName="contact" parentDisplayName="Member" solution="Active" />
        <Dependent type="60" displayName="Business Services Form" parentDisplayName="Member" id="{fdf0d73f-f6f6-49a2-a64d-6d9f445a476d}" />
      </MissingDependency>
      <MissingDependency>
        <Required type="2" schemaName="vcu_branchassist" displayName="Branch Assist" parentSchemaName="contact" parentDisplayName="Member" solution="Active" />
        <Dependent type="60" displayName="Business Services Form" parentDisplayName="Member" id="{fdf0d73f-f6f6-49a2-a64d-6d9f445a476d}" />
      </MissingDependency>
      <MissingDependency>
        <Required type="2" schemaName="vcu_branchrequested" displayName="Branch Requested" parentSchemaName="contact" parentDisplayName="Member" solution="Active" />
        <Dependent type="60" displayName="Business Services Form" parentDisplayName="Member" id="{fdf0d73f-f6f6-49a2-a64d-6d9f445a476d}" />
      </MissingDependency>
      <MissingDependency>
        <Required type="2" schemaName="vcu_bureau" displayName="Bureau" parentSchemaName="contact" parentDisplayName="Member" solution="Active" />
        <Dependent type="60" displayName="Business Services Form" parentDisplayName="Member" id="{fdf0d73f-f6f6-49a2-a64d-6d9f445a476d}" />
      </MissingDependency>
      <MissingDependency>
        <Required type="2" schemaName="vcu_businessservicessalesagentid" displayName="Business Services Sales Agent" parentSchemaName="contact" parentDisplayName="Member" solution="Active" />
        <Dependent type="60" displayName="Business Services Form" parentDisplayName="Member" id="{fdf0d73f-f6f6-49a2-a64d-6d9f445a476d}" />
      </MissingDependency>
      <MissingDependency>
        <Required type="2" schemaName="vcu_cif" displayName="CIF #" parentSchemaName="contact" parentDisplayName="Member" solution="Active" />
        <Dependent type="60" displayName="Business Services Form" parentDisplayName="Member" id="{fdf0d73f-f6f6-49a2-a64d-6d9f445a476d}" />
      </MissingDependency>
      <MissingDependency>
        <Required type="2" schemaName="vcu_codeword" displayName="Codeword" parentSchemaName="contact" parentDisplayName="Member" solution="Active" />
        <Dependent type="60" displayName="Business Services Form" parentDisplayName="Member" id="{fdf0d73f-f6f6-49a2-a64d-6d9f445a476d}" />
      </MissingDependency>
      <MissingDependency>
        <Required type="2" schemaName="vcu_commercialservicesrepresentative" displayName="Commercial Services Representative" parentSchemaName="contact" parentDisplayName="Member" solution="Active" />
        <Dependent type="60" displayName="Business Services Form" parentDisplayName="Member" id="{fdf0d73f-f6f6-49a2-a64d-6d9f445a476d}" />
      </MissingDependency>
      <MissingDependency>
        <Required type="2" schemaName="vcu_companies" displayName="Companies" parentSchemaName="contact" parentDisplayName="Member" solution="Active" />
        <Dependent type="60" displayName="Business Services Form" parentDisplayName="Member" id="{fdf0d73f-f6f6-49a2-a64d-6d9f445a476d}" />
      </MissingDependency>
      <MissingDependency>
        <Required type="2" schemaName="vcu_confidenceininsurancepolicies" displayName="Confidence in insurance policies?" parentSchemaName="contact" parentDisplayName="Member" solution="Active" />
        <Dependent type="60" displayName="Business Services Form" parentDisplayName="Member" id="{fdf0d73f-f6f6-49a2-a64d-6d9f445a476d}" />
      </MissingDependency>
      <MissingDependency>
        <Required type="2" schemaName="vcu_contactinformationverrified" displayName="Contact Information Verrified " parentSchemaName="contact" parentDisplayName="Member" solution="Active" />
        <Dependent type="60" displayName="Business Services Form" parentDisplayName="Member" id="{fdf0d73f-f6f6-49a2-a64d-6d9f445a476d}" />
      </MissingDependency>
      <MissingDependency>
        <Required type="2" schemaName="vcu_contacttype" displayName="Contact Type" parentSchemaName="contact" parentDisplayName="Member" solution="Active" />
        <Dependent type="60" displayName="Business Services Form" parentDisplayName="Member" id="{fdf0d73f-f6f6-49a2-a64d-6d9f445a476d}" />
      </MissingDependency>
      <MissingDependency>
        <Required type="2" schemaName="vcu_creditcardmember" displayName="Credit Card?" parentSchemaName="contact" parentDisplayName="Member" solution="Active" />
        <Dependent type="60" displayName="Business Services Form" parentDisplayName="Member" id="{fdf0d73f-f6f6-49a2-a64d-6d9f445a476d}" />
      </MissingDependency>
      <MissingDependency>
        <Required type="2" schemaName="vcu_creditscore" displayName="Credit Score" parentSchemaName="contact" parentDisplayName="Member" solution="Active" />
        <Dependent type="60" displayName="Business Services Form" parentDisplayName="Member" id="{fdf0d73f-f6f6-49a2-a64d-6d9f445a476d}" />
      </MissingDependency>
      <MissingDependency>
        <Required type="2" schemaName="vcu_currentinsurancecoverages" displayName="What insurance coverages do you currently pay for?" parentSchemaName="contact" parentDisplayName="Member" solution="Active" />
        <Dependent type="60" displayName="Business Services Form" parentDisplayName="Member" id="{fdf0d73f-f6f6-49a2-a64d-6d9f445a476d}" />
      </MissingDependency>
      <MissingDependency>
        <Required type="2" schemaName="vcu_dateofbirth" displayName="Date of Birth" parentSchemaName="contact" parentDisplayName="Member" solution="Active" />
        <Dependent type="60" displayName="Business Services Form" parentDisplayName="Member" id="{fdf0d73f-f6f6-49a2-a64d-6d9f445a476d}" />
      </MissingDependency>
      <MissingDependency>
        <Required type="2" schemaName="vcu_datethelastquizwastaken" displayName="Date the last quiz was taken" parentSchemaName="contact" parentDisplayName="Member" solution="Active" />
        <Dependent type="60" displayName="Business Services Form" parentDisplayName="Member" id="{fdf0d73f-f6f6-49a2-a64d-6d9f445a476d}" />
      </MissingDependency>
      <MissingDependency>
        <Required type="2" schemaName="vcu_directdepositmember" displayName="Direct Deposit?" parentSchemaName="contact" parentDisplayName="Member" solution="Active" />
        <Dependent type="60" displayName="Business Services Form" parentDisplayName="Member" id="{fdf0d73f-f6f6-49a2-a64d-6d9f445a476d}" />
      </MissingDependency>
      <MissingDependency>
        <Required type="2" schemaName="vcu_domicile" displayName="Domicile" parentSchemaName="contact" parentDisplayName="Member" solution="Active" />
        <Dependent type="60" displayName="Business Services Form" parentDisplayName="Member" id="{fdf0d73f-f6f6-49a2-a64d-6d9f445a476d}" />
      </MissingDependency>
      <MissingDependency>
        <Required type="2" schemaName="vcu_doyouhaveahelocmember" displayName="Do you have a HELOC?" parentSchemaName="contact" parentDisplayName="Member" solution="Active" />
        <Dependent type="60" displayName="Business Services Form" parentDisplayName="Member" id="{fdf0d73f-f6f6-49a2-a64d-6d9f445a476d}" />
      </MissingDependency>
      <MissingDependency>
        <Required type="2" schemaName="vcu_doyourentorownyourhomemember" displayName="Do you rent or own your home?" parentSchemaName="contact" parentDisplayName="Member" solution="Active" />
        <Dependent type="60" displayName="Business Services Form" parentDisplayName="Member" id="{fdf0d73f-f6f6-49a2-a64d-6d9f445a476d}" />
      </MissingDependency>
      <MissingDependency>
        <Required type="2" schemaName="vcu_existingvismember" displayName="Existing VIS Member" parentSchemaName="contact" parentDisplayName="Member" solution="Active" />
        <Dependent type="60" displayName="Business Services Form" parentDisplayName="Member" id="{fdf0d73f-f6f6-49a2-a64d-6d9f445a476d}" />
      </MissingDependency>
      <MissingDependency>
        <Required type="2" schemaName="vcu_expressrep" displayName="Express Rep" parentSchemaName="contact" parentDisplayName="Member" solution="Active" />
        <Dependent type="60" displayName="Business Services Form" parentDisplayName="Member" id="{fdf0d73f-f6f6-49a2-a64d-6d9f445a476d}" />
      </MissingDependency>
      <MissingDependency>
        <Required type="2" schemaName="vcu_formattedssn" displayName="SSN (Formatted)" parentSchemaName="contact" parentDisplayName="Member" solution="Active" />
        <Dependent type="60" displayName="Business Services Form" parentDisplayName="Member" id="{fdf0d73f-f6f6-49a2-a64d-6d9f445a476d}" />
      </MissingDependency>
      <MissingDependency>
        <Required type="2" schemaName="vcu_fundsyoudontneedtoaccessinthenext3yrs" displayName="Funds you don't need to access in the next 3+ yrs?" parentSchemaName="contact" parentDisplayName="Member" solution="Active" />
        <Dependent type="60" displayName="Business Services Form" parentDisplayName="Member" id="{fdf0d73f-f6f6-49a2-a64d-6d9f445a476d}" />
      </MissingDependency>
      <MissingDependency>
        <Required type="2" schemaName="vcu_helocrate" displayName="HELOC Rate?" parentSchemaName="contact" parentDisplayName="Member" solution="Active" />
        <Dependent type="60" displayName="Business Services Form" parentDisplayName="Member" id="{fdf0d73f-f6f6-49a2-a64d-6d9f445a476d}" />
      </MissingDependency>
      <MissingDependency>
        <Required type="2" schemaName="vcu_homescurrentvalue" displayName="Home's current value?" parentSchemaName="contact" parentDisplayName="Member" solution="Active" />
        <Dependent type="60" displayName="Business Services Form" parentDisplayName="Member" id="{fdf0d73f-f6f6-49a2-a64d-6d9f445a476d}" />
      </MissingDependency>
      <MissingDependency>
        <Required type="2" schemaName="vcu_howdidyourhearaboutvystar" displayName="How Did You Hear About VyStar?" parentSchemaName="contact" parentDisplayName="Member" solution="Active" />
        <Dependent type="60" displayName="Business Services Form" parentDisplayName="Member" id="{fdf0d73f-f6f6-49a2-a64d-6d9f445a476d}" />
      </MissingDependency>
      <MissingDependency>
        <Required type="2" schemaName="vcu_howlongcouldyouaffordtocoverexpenses" displayName="How long could you afford to cover expenses?" parentSchemaName="contact" parentDisplayName="Member" solution="Active" />
        <Dependent type="60" displayName="Business Services Form" parentDisplayName="Member" id="{fdf0d73f-f6f6-49a2-a64d-6d9f445a476d}" />
      </MissingDependency>
      <MissingDependency>
        <Required type="2" schemaName="vcu_howlonghaveyoulivedthere" displayName="How long have you lived there?" parentSchemaName="contact" parentDisplayName="Member" solution="Active" />
        <Dependent type="60" displayName="Business Services Form" parentDisplayName="Member" id="{fdf0d73f-f6f6-49a2-a64d-6d9f445a476d}" />
      </MissingDependency>
      <MissingDependency>
        <Required type="2" schemaName="vcu_howmanageableyourdebtis" displayName="How manageable your debt is?" parentSchemaName="contact" parentDisplayName="Member" solution="Active" />
        <Dependent type="60" displayName="Business Services Form" parentDisplayName="Member" id="{fdf0d73f-f6f6-49a2-a64d-6d9f445a476d}" />
      </MissingDependency>
      <MissingDependency>
        <Required type="2" schemaName="vcu_iplanaheadfinancially" displayName="I plan ahead financially?" parentSchemaName="contact" parentDisplayName="Member" solution="Active" />
        <Dependent type="60" displayName="Business Services Form" parentDisplayName="Member" id="{fdf0d73f-f6f6-49a2-a64d-6d9f445a476d}" />
      </MissingDependency>
      <MissingDependency>
        <Required type="2" schemaName="vcu_isbusinessservicescontact" displayName="Existing Commercial Services Member" parentSchemaName="contact" parentDisplayName="Member" solution="Active" />
        <Dependent type="60" displayName="Business Services Form" parentDisplayName="Member" id="{fdf0d73f-f6f6-49a2-a64d-6d9f445a476d}" />
      </MissingDependency>
      <MissingDependency>
        <Required type="2" schemaName="vcu_isnbpchanged" displayName="Is NBP Changed" parentSchemaName="contact" parentDisplayName="Member" solution="Active" />
        <Dependent type="60" displayName="Business Services Form" parentDisplayName="Member" id="{fdf0d73f-f6f6-49a2-a64d-6d9f445a476d}" />
      </MissingDependency>
      <MissingDependency>
        <Required type="2" schemaName="vcu_isprimary" displayName="Is Primary" parentSchemaName="contact" parentDisplayName="Member" solution="Active" />
        <Dependent type="60" displayName="Business Services Form" parentDisplayName="Member" id="{fdf0d73f-f6f6-49a2-a64d-6d9f445a476d}" />
      </MissingDependency>
      <MissingDependency>
        <Required type="2" schemaName="vcu_isvip" displayName="VIP" parentSchemaName="contact" parentDisplayName="Member" solution="Active" />
        <Dependent type="60" displayName="Business Services Form" parentDisplayName="Member" id="{fdf0d73f-f6f6-49a2-a64d-6d9f445a476d}" />
      </MissingDependency>
      <MissingDependency>
        <Required type="2" schemaName="vcu_isyourratefixedorvariable" displayName="Is your rate fixed or variable?" parentSchemaName="contact" parentDisplayName="Member" solution="Active" />
        <Dependent type="60" displayName="Business Services Form" parentDisplayName="Member" id="{fdf0d73f-f6f6-49a2-a64d-6d9f445a476d}" />
      </MissingDependency>
      <MissingDependency>
        <Required type="2" schemaName="vcu_lberepresentative" displayName="LBE Representative" parentSchemaName="contact" parentDisplayName="Member" solution="Active" />
        <Dependent type="60" displayName="Business Services Form" parentDisplayName="Member" id="{fdf0d73f-f6f6-49a2-a64d-6d9f445a476d}" />
      </MissingDependency>
      <MissingDependency>
        <Required type="2" schemaName="vcu_linesofcredt" displayName="Lines of Credt" parentSchemaName="contact" parentDisplayName="Member" solution="Active" />
        <Dependent type="60" displayName="Business Services Form" parentDisplayName="Member" id="{fdf0d73f-f6f6-49a2-a64d-6d9f445a476d}" />
      </MissingDependency>
      <MissingDependency>
        <Required type="2" schemaName="vcu_longtermgoalsvacationretirementconfidence" displayName="Long-term goals (vacation, retirement) confidence?" parentSchemaName="contact" parentDisplayName="Member" solution="Active" />
        <Dependent type="60" displayName="Business Services Form" parentDisplayName="Member" id="{fdf0d73f-f6f6-49a2-a64d-6d9f445a476d}" />
      </MissingDependency>
      <MissingDependency>
        <Required type="2" schemaName="vcu_mail" displayName="Allow Mail" parentSchemaName="contact" parentDisplayName="Member" solution="Active" />
        <Dependent type="60" displayName="Business Services Form" parentDisplayName="Member" id="{fdf0d73f-f6f6-49a2-a64d-6d9f445a476d}" />
      </MissingDependency>
      <MissingDependency>
        <Required type="2" schemaName="vcu_member360" displayName="Member360" parentSchemaName="contact" parentDisplayName="Member" solution="Active" />
        <Dependent type="60" displayName="Business Services Form" parentDisplayName="Member" id="{fdf0d73f-f6f6-49a2-a64d-6d9f445a476d}" />
      </MissingDependency>
      <MissingDependency>
        <Required type="2" schemaName="vcu_membersince" displayName="Member Since" parentSchemaName="contact" parentDisplayName="Member" solution="Active" />
        <Dependent type="60" displayName="Business Services Form" parentDisplayName="Member" id="{fdf0d73f-f6f6-49a2-a64d-6d9f445a476d}" />
      </MissingDependency>
      <MissingDependency>
        <Required type="2" schemaName="vcu_mobilephoneunformatted" displayName="Mobile Phone (Unformatted)" parentSchemaName="contact" parentDisplayName="Member" solution="Active" />
        <Dependent type="60" displayName="Business Services Form" parentDisplayName="Member" id="{fdf0d73f-f6f6-49a2-a64d-6d9f445a476d}" />
      </MissingDependency>
      <MissingDependency>
        <Required type="2" schemaName="vcu_mortgageoriginationrepresentative" displayName="Mortgage Origination Representative" parentSchemaName="contact" parentDisplayName="Member" solution="Active" />
        <Dependent type="60" displayName="Business Services Form" parentDisplayName="Member" id="{fdf0d73f-f6f6-49a2-a64d-6d9f445a476d}" />
      </MissingDependency>
      <MissingDependency>
        <Required type="2" schemaName="vcu_ndcallaction" displayName="2nd call Action" parentSchemaName="contact" parentDisplayName="Member" solution="Active" />
        <Dependent type="60" displayName="Business Services Form" parentDisplayName="Member" id="{fdf0d73f-f6f6-49a2-a64d-6d9f445a476d}" />
      </MissingDependency>
      <MissingDependency>
        <Required type="2" schemaName="vcu_ndcalldate" displayName="2nd Call Date" parentSchemaName="contact" parentDisplayName="Member" solution="Active" />
        <Dependent type="60" displayName="Business Services Form" parentDisplayName="Member" id="{fdf0d73f-f6f6-49a2-a64d-6d9f445a476d}" />
      </MissingDependency>
      <MissingDependency>
        <Required type="2" schemaName="vcu_nextbestproduct" displayName="NextBestProduct" parentSchemaName="contact" parentDisplayName="Member" solution="Active" />
        <Dependent type="60" displayName="Business Services Form" parentDisplayName="Member" id="{fdf0d73f-f6f6-49a2-a64d-6d9f445a476d}" />
      </MissingDependency>
      <MissingDependency>
        <Required type="2" schemaName="vcu_nextbestproductmodifieddate" displayName="NextBestProductModifiedDate" parentSchemaName="contact" parentDisplayName="Member" solution="Active" />
        <Dependent type="60" displayName="Business Services Form" parentDisplayName="Member" id="{fdf0d73f-f6f6-49a2-a64d-6d9f445a476d}" />
      </MissingDependency>
      <MissingDependency>
        <Required type="2" schemaName="vcu_nextbestproductstatus" displayName="NextBestProductStatus" parentSchemaName="contact" parentDisplayName="Member" solution="Active" />
        <Dependent type="60" displayName="Business Services Form" parentDisplayName="Member" id="{fdf0d73f-f6f6-49a2-a64d-6d9f445a476d}" />
      </MissingDependency>
      <MissingDependency>
        <Required type="2" schemaName="vcu_onlinebankingmember" displayName="On-Line/Mobile Banking?" parentSchemaName="contact" parentDisplayName="Member" solution="Active" />
        <Dependent type="60" displayName="Business Services Form" parentDisplayName="Member" id="{fdf0d73f-f6f6-49a2-a64d-6d9f445a476d}" />
      </MissingDependency>
      <MissingDependency>
        <Required type="2" schemaName="vcu_originbranch" displayName="Origin Branch" parentSchemaName="contact" parentDisplayName="Member" solution="Active" />
        <Dependent type="60" displayName="Business Services Form" parentDisplayName="Member" id="{fdf0d73f-f6f6-49a2-a64d-6d9f445a476d}" />
      </MissingDependency>
      <MissingDependency>
        <Required type="2" schemaName="vcu_parentcontact" displayName="Parent Contact" parentSchemaName="contact" parentDisplayName="Member" solution="Active" />
        <Dependent type="60" displayName="Business Services Form" parentDisplayName="Member" id="{fdf0d73f-f6f6-49a2-a64d-6d9f445a476d}" />
      </MissingDependency>
      <MissingDependency>
        <Required type="2" schemaName="vcu_planscore" displayName="Plan Score" parentSchemaName="contact" parentDisplayName="Member" solution="Active" />
        <Dependent type="60" displayName="Business Services Form" parentDisplayName="Member" id="{fdf0d73f-f6f6-49a2-a64d-6d9f445a476d}" />
      </MissingDependency>
      <MissingDependency>
        <Required type="2" schemaName="vcu_pleasespecify" displayName="Please Specify" parentSchemaName="contact" parentDisplayName="Member" solution="Active" />
        <Dependent type="60" displayName="Business Services Form" parentDisplayName="Member" id="{fdf0d73f-f6f6-49a2-a64d-6d9f445a476d}" />
      </MissingDependency>
      <MissingDependency>
        <Required type="2" schemaName="vcu_privacyindicator" displayName="PrivacyIndicator" parentSchemaName="contact" parentDisplayName="Member" solution="Active" />
        <Dependent type="60" displayName="Business Services Form" parentDisplayName="Member" id="{fdf0d73f-f6f6-49a2-a64d-6d9f445a476d}" />
      </MissingDependency>
      <MissingDependency>
        <Required type="2" schemaName="vcu_privacyindicatoraffiliate" displayName="Privacy Indicator Affiliate" parentSchemaName="contact" parentDisplayName="Member" solution="Active" />
        <Dependent type="60" displayName="Business Services Form" parentDisplayName="Member" id="{fdf0d73f-f6f6-49a2-a64d-6d9f445a476d}" />
      </MissingDependency>
      <MissingDependency>
        <Required type="2" schemaName="vcu_productsaccepted" displayName="Products Accepted" parentSchemaName="contact" parentDisplayName="Member" solution="Active" />
        <Dependent type="60" displayName="Business Services Form" parentDisplayName="Member" id="{fdf0d73f-f6f6-49a2-a64d-6d9f445a476d}" />
      </MissingDependency>
      <MissingDependency>
        <Required type="2" schemaName="vcu_productsoffered" displayName="Products Offered" parentSchemaName="contact" parentDisplayName="Member" solution="Active" />
        <Dependent type="60" displayName="Business Services Form" parentDisplayName="Member" id="{fdf0d73f-f6f6-49a2-a64d-6d9f445a476d}" />
      </MissingDependency>
      <MissingDependency>
        <Required type="2" schemaName="vcu_purposeofvisit" displayName="Purpose of visit" parentSchemaName="contact" parentDisplayName="Member" solution="Active" />
        <Dependent type="60" displayName="Business Services Form" parentDisplayName="Member" id="{fdf0d73f-f6f6-49a2-a64d-6d9f445a476d}" />
      </MissingDependency>
      <MissingDependency>
        <Required type="2" schemaName="vcu_questionnairecompletedby" displayName="Questionnaire Completed By" parentSchemaName="contact" parentDisplayName="Member" solution="Active" />
        <Dependent type="60" displayName="Business Services Form" parentDisplayName="Member" id="{fdf0d73f-f6f6-49a2-a64d-6d9f445a476d}" />
      </MissingDependency>
      <MissingDependency>
        <Required type="2" schemaName="vcu_questionnairedate" displayName="Questionnaire Date" parentSchemaName="contact" parentDisplayName="Member" solution="Active" />
        <Dependent type="60" displayName="Business Services Form" parentDisplayName="Member" id="{fdf0d73f-f6f6-49a2-a64d-6d9f445a476d}" />
      </MissingDependency>
      <MissingDependency>
        <Required type="2" schemaName="vcu_rateyourcreditscore" displayName="Rate your credit score?" parentSchemaName="contact" parentDisplayName="Member" solution="Active" />
        <Dependent type="60" displayName="Business Services Form" parentDisplayName="Member" id="{fdf0d73f-f6f6-49a2-a64d-6d9f445a476d}" />
      </MissingDependency>
      <MissingDependency>
        <Required type="2" schemaName="vcu_rdcallaction" displayName="3rd Call Action " parentSchemaName="contact" parentDisplayName="Member" solution="Active" />
        <Dependent type="60" displayName="Business Services Form" parentDisplayName="Member" id="{fdf0d73f-f6f6-49a2-a64d-6d9f445a476d}" />
      </MissingDependency>
      <MissingDependency>
        <Required type="2" schemaName="vcu_rdcalldate" displayName="3rd Call Date" parentSchemaName="contact" parentDisplayName="Member" solution="Active" />
        <Dependent type="60" displayName="Business Services Form" parentDisplayName="Member" id="{fdf0d73f-f6f6-49a2-a64d-6d9f445a476d}" />
      </MissingDependency>
      <MissingDependency>
        <Required type="2" schemaName="vcu_recommendationsvismq" displayName="Recommendations:" parentSchemaName="contact" parentDisplayName="Member" solution="Active" />
        <Dependent type="60" displayName="Business Services Form" parentDisplayName="Member" id="{fdf0d73f-f6f6-49a2-a64d-6d9f445a476d}" />
      </MissingDependency>
      <MissingDependency>
        <Required type="2" schemaName="vcu_referringvystarmember" displayName="Referring VyStar Member" parentSchemaName="contact" parentDisplayName="Member" solution="Active" />
        <Dependent type="60" displayName="Business Services Form" parentDisplayName="Member" id="{fdf0d73f-f6f6-49a2-a64d-6d9f445a476d}" />
      </MissingDependency>
      <MissingDependency>
        <Required type="2" schemaName="vcu_relatedcifcount" displayName="Related CIF Count" parentSchemaName="contact" parentDisplayName="Member" solution="Active" />
        <Dependent type="60" displayName="Business Services Form" parentDisplayName="Member" id="{fdf0d73f-f6f6-49a2-a64d-6d9f445a476d}" />
      </MissingDependency>
      <MissingDependency>
        <Required type="2" schemaName="vcu_relationshipspecialist" displayName="Relationship Specialist" parentSchemaName="contact" parentDisplayName="Member" solution="Active" />
        <Dependent type="60" displayName="Business Services Form" parentDisplayName="Member" id="{fdf0d73f-f6f6-49a2-a64d-6d9f445a476d}" />
      </MissingDependency>
      <MissingDependency>
        <Required type="2" schemaName="vcu_savescore" displayName="Save Score" parentSchemaName="contact" parentDisplayName="Member" solution="Active" />
        <Dependent type="60" displayName="Business Services Form" parentDisplayName="Member" id="{fdf0d73f-f6f6-49a2-a64d-6d9f445a476d}" />
      </MissingDependency>
      <MissingDependency>
        <Required type="2" schemaName="vcu_sendemail" displayName="SendEmail" parentSchemaName="contact" parentDisplayName="Member" solution="Active" />
        <Dependent type="60" displayName="Business Services Form" parentDisplayName="Member" id="{fdf0d73f-f6f6-49a2-a64d-6d9f445a476d}" />
      </MissingDependency>
      <MissingDependency>
        <Required type="2" schemaName="vcu_sendotp" displayName="Send OTP" parentSchemaName="contact" parentDisplayName="Member" solution="Active" />
        <Dependent type="60" displayName="Business Services Form" parentDisplayName="Member" id="{fdf0d73f-f6f6-49a2-a64d-6d9f445a476d}" />
      </MissingDependency>
      <MissingDependency>
        <Required type="2" schemaName="vcu_sendotpprod" displayName="SendOtpProd" parentSchemaName="contact" parentDisplayName="Member" solution="Active" />
        <Dependent type="60" displayName="Business Services Form" parentDisplayName="Member" id="{fdf0d73f-f6f6-49a2-a64d-6d9f445a476d}" />
      </MissingDependency>
      <MissingDependency>
        <Required type="2" schemaName="vcu_sendotptrain" displayName="SendOtpTrain" parentSchemaName="contact" parentDisplayName="Member" solution="Active" />
        <Dependent type="60" displayName="Business Services Form" parentDisplayName="Member" id="{fdf0d73f-f6f6-49a2-a64d-6d9f445a476d}" />
      </MissingDependency>
      <MissingDependency>
        <Required type="2" schemaName="vcu_sendotpuat" displayName="SendotpUat" parentSchemaName="contact" parentDisplayName="Member" solution="Active" />
        <Dependent type="60" displayName="Business Services Form" parentDisplayName="Member" id="{fdf0d73f-f6f6-49a2-a64d-6d9f445a476d}" />
      </MissingDependency>
      <MissingDependency>
        <Required type="2" schemaName="vcu_servicesaccepted" displayName="Services Accepted" parentSchemaName="contact" parentDisplayName="Member" solution="Active" />
        <Dependent type="60" displayName="Business Services Form" parentDisplayName="Member" id="{fdf0d73f-f6f6-49a2-a64d-6d9f445a476d}" />
      </MissingDependency>
      <MissingDependency>
        <Required type="2" schemaName="vcu_servicesoffered" displayName="Services Offered" parentSchemaName="contact" parentDisplayName="Member" solution="Active" />
        <Dependent type="60" displayName="Business Services Form" parentDisplayName="Member" id="{fdf0d73f-f6f6-49a2-a64d-6d9f445a476d}" />
      </MissingDependency>
      <MissingDependency>
        <Required type="2" schemaName="vcu_spendingcomparedtototalincome" displayName="Spending compared to total income?" parentSchemaName="contact" parentDisplayName="Member" solution="Active" />
        <Dependent type="60" displayName="Business Services Form" parentDisplayName="Member" id="{fdf0d73f-f6f6-49a2-a64d-6d9f445a476d}" />
      </MissingDependency>
      <MissingDependency>
        <Required type="2" schemaName="vcu_spendscore" displayName="Spend Score" parentSchemaName="contact" parentDisplayName="Member" solution="Active" />
        <Dependent type="60" displayName="Business Services Form" parentDisplayName="Member" id="{fdf0d73f-f6f6-49a2-a64d-6d9f445a476d}" />
      </MissingDependency>
      <MissingDependency>
        <Required type="2" schemaName="vcu_ssn" displayName="SSN (Unformatted)" parentSchemaName="contact" parentDisplayName="Member" solution="Active" />
        <Dependent type="60" displayName="Business Services Form" parentDisplayName="Member" id="{fdf0d73f-f6f6-49a2-a64d-6d9f445a476d}" />
      </MissingDependency>
      <MissingDependency>
        <Required type="2" schemaName="vcu_ssnlast4" displayName="SSN (Last 4)" parentSchemaName="contact" parentDisplayName="Member" solution="Active" />
        <Dependent type="60" displayName="Business Services Form" parentDisplayName="Member" id="{fdf0d73f-f6f6-49a2-a64d-6d9f445a476d}" />
      </MissingDependency>
      <MissingDependency>
        <Required type="2" schemaName="vcu_stcallaction" displayName="1st Call Action " parentSchemaName="contact" parentDisplayName="Member" solution="Active" />
        <Dependent type="60" displayName="Business Services Form" parentDisplayName="Member" id="{fdf0d73f-f6f6-49a2-a64d-6d9f445a476d}" />
      </MissingDependency>
      <MissingDependency>
        <Required type="2" schemaName="vcu_stcalldate" displayName="1st Call Date " parentSchemaName="contact" parentDisplayName="Member" solution="Active" />
        <Dependent type="60" displayName="Business Services Form" parentDisplayName="Member" id="{fdf0d73f-f6f6-49a2-a64d-6d9f445a476d}" />
      </MissingDependency>
      <MissingDependency>
        <Required type="2" schemaName="vcu_tellmeaboutyourretireinvestmentaccountsmq" displayName="Tell me about your retire &amp; investment accounts" parentSchemaName="contact" parentDisplayName="Member" solution="Active" />
        <Dependent type="60" displayName="Business Services Form" parentDisplayName="Member" id="{fdf0d73f-f6f6-49a2-a64d-6d9f445a476d}" />
      </MissingDependency>
      <MissingDependency>
        <Required type="2" schemaName="vcu_title" displayName="Title" parentSchemaName="contact" parentDisplayName="Member" solution="Active" />
        <Dependent type="60" displayName="Business Services Form" parentDisplayName="Member" id="{fdf0d73f-f6f6-49a2-a64d-6d9f445a476d}" />
      </MissingDependency>
      <MissingDependency>
        <Required type="2" schemaName="vcu_totallatestfinancialscore" displayName="Total Latest Financial Score" parentSchemaName="contact" parentDisplayName="Member" solution="Active" />
        <Dependent type="60" displayName="Business Services Form" parentDisplayName="Member" id="{fdf0d73f-f6f6-49a2-a64d-6d9f445a476d}" />
      </MissingDependency>
      <MissingDependency>
        <Required type="2" schemaName="vcu_tradelines" displayName="Trade Lines" parentSchemaName="contact" parentDisplayName="Member" solution="Active" />
        <Dependent type="60" displayName="Business Services Form" parentDisplayName="Member" id="{fdf0d73f-f6f6-49a2-a64d-6d9f445a476d}" />
      </MissingDependency>
      <MissingDependency>
        <Required type="2" schemaName="vcu_viarepresentative" displayName="VIA Representative" parentSchemaName="contact" parentDisplayName="Member" solution="Active" />
        <Dependent type="60" displayName="Business Services Form" parentDisplayName="Member" id="{fdf0d73f-f6f6-49a2-a64d-6d9f445a476d}" />
      </MissingDependency>
      <MissingDependency>
        <Required type="2" schemaName="vcu_visrepresentative" displayName="VIS Representative" parentSchemaName="contact" parentDisplayName="Member" solution="Active" />
        <Dependent type="60" displayName="Business Services Form" parentDisplayName="Member" id="{fdf0d73f-f6f6-49a2-a64d-6d9f445a476d}" />
      </MissingDependency>
      <MissingDependency>
        <Required type="2" schemaName="vcu_vystaratworkrepresentative" displayName="VyStar At Work Representative" parentSchemaName="contact" parentDisplayName="Member" solution="Active" />
        <Dependent type="60" displayName="Business Services Form" parentDisplayName="Member" id="{fdf0d73f-f6f6-49a2-a64d-6d9f445a476d}" />
      </MissingDependency>
      <MissingDependency>
        <Required type="2" schemaName="vcu_whatareyourfavoriterewardprograms" displayName="How do you use your credit card?" parentSchemaName="contact" parentDisplayName="Member" solution="Active" />
        <Dependent type="60" displayName="Business Services Form" parentDisplayName="Member" id="{fdf0d73f-f6f6-49a2-a64d-6d9f445a476d}" />
      </MissingDependency>
      <MissingDependency>
        <Required type="2" schemaName="vcu_whatisyourpayment" displayName="What is your payment?" parentSchemaName="contact" parentDisplayName="Member" solution="Active" />
        <Dependent type="60" displayName="Business Services Form" parentDisplayName="Member" id="{fdf0d73f-f6f6-49a2-a64d-6d9f445a476d}" />
      </MissingDependency>
      <MissingDependency>
        <Required type="2" schemaName="vcu_whatratemort" displayName="What rate?" parentSchemaName="contact" parentDisplayName="Member" solution="Active" />
        <Dependent type="60" displayName="Business Services Form" parentDisplayName="Member" id="{fdf0d73f-f6f6-49a2-a64d-6d9f445a476d}" />
      </MissingDependency>
      <MissingDependency>
        <Required type="2" schemaName="vcu_whendidyoulastmeetwyourfinancialadvisor" displayName="When did you last meet w/your Financial Advisor?" parentSchemaName="contact" parentDisplayName="Member" solution="Active" />
        <Dependent type="60" displayName="Business Services Form" parentDisplayName="Member" id="{fdf0d73f-f6f6-49a2-a64d-6d9f445a476d}" />
      </MissingDependency>
      <MissingDependency>
        <Required type="2" schemaName="vcu_zellemember" displayName="Zelle?" parentSchemaName="contact" parentDisplayName="Member" solution="Active" />
        <Dependent type="60" displayName="Business Services Form" parentDisplayName="Member" id="{fdf0d73f-f6f6-49a2-a64d-6d9f445a476d}" />
      </MissingDependency>
      <MissingDependency>
        <Required type="26" schemaName="My Active Cases" displayName="My Active Cases" parentSchemaName="incident" parentDisplayName="Case" solution="msdynce_Service (9.0.5.56)" id="{00000000-0000-0000-00aa-000010001028}">
          <package appName="msdynce_Service" version="9.0.25013.1004">msdynce_ServiceAnchor (9.0.25013.1004)</package>
        </Required>
        <Dependent type="60" displayName="Business Services Form" parentDisplayName="Member" id="{fdf0d73f-f6f6-49a2-a64d-6d9f445a476d}" />
      </MissingDependency>
      <MissingDependency>
        <Required type="26" schemaName="All Cases" displayName="All Cases" parentSchemaName="incident" parentDisplayName="Case" solution="msdynce_Service (9.0.5.56)" id="{00000000-0000-0000-00aa-000010001030}">
          <package appName="msdynce_Service" version="9.0.25013.1004">msdynce_ServiceAnchor (9.0.25013.1004)</package>
        </Required>
        <Dependent type="60" displayName="Business Services Form" parentDisplayName="Member" id="{fdf0d73f-f6f6-49a2-a64d-6d9f445a476d}" />
      </MissingDependency>
      <MissingDependency>
        <Required type="26" schemaName="Active Secondary Customer Accounts subgrid" displayName="Active Secondary Customer Accounts subgrid" parentSchemaName="vcu_contactaccounts" parentDisplayName="Customer Account" solution="Active" id="{334bfe05-58d0-ea11-a812-000d3a5b3f21}" />
        <Dependent type="60" displayName="Business Services Form" parentDisplayName="Member" id="{fdf0d73f-f6f6-49a2-a64d-6d9f445a476d}" />
      </MissingDependency>
      <MissingDependency>
        <Required type="26" schemaName="Department Lookup View" displayName="Department Lookup View" parentSchemaName="vcu_businessgoal" parentDisplayName="Department/Branch" solution="Active" id="{52be75d9-8509-43c1-94d3-25cf6f3ab2c0}" />
        <Dependent type="60" displayName="Business Services Form" parentDisplayName="Member" id="{fdf0d73f-f6f6-49a2-a64d-6d9f445a476d}" />
      </MissingDependency>
      <MissingDependency>
        <Required type="26" schemaName="All Referrals" displayName="All Referrals" parentSchemaName="vcu_referral2" parentDisplayName="Referral" solution="Active" id="{5e067793-d5d5-4218-a03d-dbc6fea570ea}" />
        <Dependent type="60" displayName="Business Services Form" parentDisplayName="Member" id="{fdf0d73f-f6f6-49a2-a64d-6d9f445a476d}" />
      </MissingDependency>
      <MissingDependency>
        <Required type="26" schemaName="Active MQ Credit Card/Loan Balances" displayName="Active MQ Credit Card/Loan Balances" parentSchemaName="vcu_mqcreditcardloanbalances" parentDisplayName="Credit Card/Loan" solution="Active" id="{63e37c26-f0ea-4936-9e23-954734571f55}" />
        <Dependent type="60" displayName="Business Services Form" parentDisplayName="Member" id="{fdf0d73f-f6f6-49a2-a64d-6d9f445a476d}" />
      </MissingDependency>
      <MissingDependency>
        <Required type="26" schemaName="All Complaints" displayName="All Complaints" parentSchemaName="incident" parentDisplayName="Case" solution="Active" id="{73fffc9f-2ca1-eb11-b1ac-00224803bb37}" />
        <Dependent type="60" displayName="Business Services Form" parentDisplayName="Member" id="{fdf0d73f-f6f6-49a2-a64d-6d9f445a476d}" />
      </MissingDependency>
      <MissingDependency>
        <Required type="26" schemaName="MQ Money Management" displayName="MQ Money Management" parentSchemaName="vcu_mqmoneymanagement" parentDisplayName="Deposit Account" solution="Active" id="{7725eff0-4ee3-eb11-bacb-002248092824}" />
        <Dependent type="60" displayName="Business Services Form" parentDisplayName="Member" id="{fdf0d73f-f6f6-49a2-a64d-6d9f445a476d}" />
      </MissingDependency>
      <MissingDependency>
        <Required type="26" schemaName="Active MQ Loans Mortgages/Helocs" displayName="Active MQ Loans Mortgages/Helocs" parentSchemaName="vcu_mqloansmortgageheloc" parentDisplayName="Mortgage/HELOC" solution="Active" id="{a6916e2a-86b5-4049-9ca1-ccb2a20ae01d}" />
        <Dependent type="60" displayName="Business Services Form" parentDisplayName="Member" id="{fdf0d73f-f6f6-49a2-a64d-6d9f445a476d}" />
      </MissingDependency>
      <MissingDependency>
        <Required type="26" schemaName="Active Contact Accounts" displayName="Active Contact Accounts" parentSchemaName="vcu_contactaccounts" parentDisplayName="Customer Account" solution="Active" id="{b0197804-77c2-4441-aacd-9332a9ad02e3}" />
        <Dependent type="60" displayName="Business Services Form" parentDisplayName="Member" id="{fdf0d73f-f6f6-49a2-a64d-6d9f445a476d}" />
      </MissingDependency>
      <MissingDependency>
        <Required type="26" schemaName="MQ Loans Mortgages/Helocs" displayName="MQ Loans Mortgages/Helocs" parentSchemaName="vcu_mqloansmortgageheloc" parentDisplayName="Mortgage/HELOC" solution="Active" id="{c9b8209b-53e6-eb11-bacb-002248092ba9}" />
        <Dependent type="60" displayName="Business Services Form" parentDisplayName="Member" id="{fdf0d73f-f6f6-49a2-a64d-6d9f445a476d}" />
      </MissingDependency>
      <MissingDependency>
        <Required type="26" schemaName="CIF Subgrid" displayName="CIF Subgrid" parentSchemaName="contact" parentDisplayName="Member" solution="Active" id="{d61dbda2-6df7-ea11-a815-00224805fd0a}" />
        <Dependent type="60" displayName="Business Services Form" parentDisplayName="Member" id="{fdf0d73f-f6f6-49a2-a64d-6d9f445a476d}" />
      </MissingDependency>
      <MissingDependency>
        <Required type="26" schemaName="MQ Credit Card/Loan Balances" displayName="MQ Credit Card/Loan Balances" parentSchemaName="vcu_mqcreditcardloanbalances" parentDisplayName="Credit Card/Loan" solution="Active" id="{d68526ee-cce8-eb11-bacb-000d3a5aa551}" />
        <Dependent type="60" displayName="Business Services Form" parentDisplayName="Member" id="{fdf0d73f-f6f6-49a2-a64d-6d9f445a476d}" />
      </MissingDependency>
      <MissingDependency>
        <Required type="26" schemaName="My Open Referrals" displayName="My Open Referrals" parentSchemaName="vcu_referral2" parentDisplayName="Referral" solution="Active" id="{da45662d-632d-4766-bddd-58ed1ae9f81a}" />
        <Dependent type="60" displayName="Business Services Form" parentDisplayName="Member" id="{fdf0d73f-f6f6-49a2-a64d-6d9f445a476d}" />
      </MissingDependency>
      <MissingDependency>
        <Required type="26" schemaName="Active VIS Notes &amp; Tasks" displayName="Active VIS Notes &amp; Tasks" parentSchemaName="vcu_visnotes" parentDisplayName="VIS Notes &amp; Tasks" solution="Active" id="{f626e1d3-93dc-456a-9844-b503365c2d56}" />
        <Dependent type="60" displayName="Business Services Form" parentDisplayName="Member" id="{fdf0d73f-f6f6-49a2-a64d-6d9f445a476d}" />
      </MissingDependency>
      <MissingDependency>
        <Required type="59" schemaName="Est $ Product and Success" displayName="Est $ Product and Success" parentSchemaName="vcu_referral2" parentDisplayName="Referral" solution="Active" id="{9f737679-ce13-ea11-a811-000d3a33f11e}" />
        <Dependent type="60" displayName="Business Services Form" parentDisplayName="Member" id="{fdf0d73f-f6f6-49a2-a64d-6d9f445a476d}" />
      </MissingDependency>
      <MissingDependency>
        <Required type="61" schemaName="hubspot_HubSpotContactTimelineEmbed" displayName="hubspot_HubSpotContactTimelineEmbed" solution="HubSpotEmbeds (1.0.0.4)" />
        <Dependent type="60" displayName="Business Services Form" parentDisplayName="Member" id="{fdf0d73f-f6f6-49a2-a64d-6d9f445a476d}" />
      </MissingDependency>
      <MissingDependency>
        <Required type="61" schemaName="vcu_AdditionalQuestionsLabel" displayName="vcu_AdditionalQuestionsLabel" solution="Active" />
        <Dependent type="60" displayName="Business Services Form" parentDisplayName="Member" id="{fdf0d73f-f6f6-49a2-a64d-6d9f445a476d}" />
      </MissingDependency>
      <MissingDependency>
        <Required type="61" schemaName="vcu_ConversationStarter.js" displayName="vcu_ConversationStarter.js" solution="Active" />
        <Dependent type="60" displayName="Business Services Form" parentDisplayName="Member" id="{fdf0d73f-f6f6-49a2-a64d-6d9f445a476d}" />
      </MissingDependency>
      <MissingDependency>
        <Required type="61" schemaName="vcu_ConversationStarter1.js" displayName="vcu_ConversationStarter1.js" solution="Active" />
        <Dependent type="60" displayName="Business Services Form" parentDisplayName="Member" id="{fdf0d73f-f6f6-49a2-a64d-6d9f445a476d}" />
      </MissingDependency>
      <MissingDependency>
        <Required type="61" schemaName="vcu_ConversationStarter2.js" displayName="vcu_ConversationStarter2.js" solution="Active" />
        <Dependent type="60" displayName="Business Services Form" parentDisplayName="Member" id="{fdf0d73f-f6f6-49a2-a64d-6d9f445a476d}" />
      </MissingDependency>
      <MissingDependency>
        <Required type="61" schemaName="vcu_ConversationStarter3.js" displayName="vcu_ConversationStarter3.js" solution="Active" />
        <Dependent type="60" displayName="Business Services Form" parentDisplayName="Member" id="{fdf0d73f-f6f6-49a2-a64d-6d9f445a476d}" />
      </MissingDependency>
      <MissingDependency>
        <Required type="61" schemaName="vcu_FinanceScoreLabel" displayName="vcu_FinanceScoreLabel" solution="Active" />
        <Dependent type="60" displayName="Business Services Form" parentDisplayName="Member" id="{fdf0d73f-f6f6-49a2-a64d-6d9f445a476d}" />
      </MissingDependency>
      <MissingDependency>
        <Required type="61" schemaName="vcu_FormatSSN" displayName="vcu_FormatSSN" solution="Active" />
        <Dependent type="60" displayName="Business Services Form" parentDisplayName="Member" id="{fdf0d73f-f6f6-49a2-a64d-6d9f445a476d}" />
      </MissingDependency>
      <MissingDependency>
        <Required type="61" schemaName="vcu_MemberLibrary" displayName="vcu_MemberLibrary" solution="Active" />
        <Dependent type="60" displayName="Business Services Form" parentDisplayName="Member" id="{fdf0d73f-f6f6-49a2-a64d-6d9f445a476d}" />
      </MissingDependency>
      <MissingDependency>
        <Required type="61" schemaName="vcu_SetAddress2StatetoUpper" displayName="vcu_SetAddress2StatetoUpper" solution="Active" />
        <Dependent type="60" displayName="Business Services Form" parentDisplayName="Member" id="{fdf0d73f-f6f6-49a2-a64d-6d9f445a476d}" />
      </MissingDependency>
      <MissingDependency>
        <Required type="61" schemaName="vcu_UpperCaseField" displayName="vcu_UpperCaseField" solution="Active" />
        <Dependent type="60" displayName="Business Services Form" parentDisplayName="Member" id="{fdf0d73f-f6f6-49a2-a64d-6d9f445a476d}" />
      </MissingDependency>
      <MissingDependency>
        <Required type="66" schemaName="MscrmControls.Canvas.CanvasControl" displayName="MscrmControls.Canvas.CanvasControl" solution="BaseCustomControlsCore (9.0.2501.3011)">
          <package appName="Base Custom Controls" version="9.0.2501.3011">BaseCustomControlsCore (9.0.2501.3011)</package>
        </Required>
        <Dependent type="60" displayName="Business Services Form" parentDisplayName="Member" id="{fdf0d73f-f6f6-49a2-a64d-6d9f445a476d}" />
      </MissingDependency>
      <MissingDependency>
        <Required type="66" schemaName="MscrmControls.Grid.GridControl" displayName="MscrmControls.Grid.GridControl" solution="BaseCustomControlsCore (9.0.2501.3011)">
          <package appName="Base Custom Controls" version="9.0.2501.3011">BaseCustomControlsCore (9.0.2501.3011)</package>
        </Required>
        <Dependent type="60" displayName="Business Services Form" parentDisplayName="Member" id="{fdf0d73f-f6f6-49a2-a64d-6d9f445a476d}" />
      </MissingDependency>
      <MissingDependency>
        <Required type="66" schemaName="pcfdev_MscrmTools.ActionButton" displayName="pcfdev_MscrmTools.ActionButton" solution="Active" />
        <Dependent type="60" displayName="Business Services Form" parentDisplayName="Member" id="{fdf0d73f-f6f6-49a2-a64d-6d9f445a476d}" />
      </MissingDependency>
      <MissingDependency>
        <Required type="66" schemaName="pcfdev_MscrmTools.SendEmail" displayName="pcfdev_MscrmTools.SendEmail" solution="Active" />
        <Dependent type="60" displayName="Business Services Form" parentDisplayName="Member" id="{fdf0d73f-f6f6-49a2-a64d-6d9f445a476d}" />
      </MissingDependency>
      <MissingDependency>
        <Required type="connectionreference" displayName="vcu_sharedcommondataserviceforapps_05ad0" solution="Active" id.connectionreferencelogicalname="vcu_sharedcommondataserviceforapps_05ad0" />
        <Dependent type="29" displayName="Clean Phone Numbers and Convert to Decimal and Generate Report" id="{398f2fa4-d9cc-ef11-b8e8-7c1e525c86cc}" />
      </MissingDependency>
    </MissingDependencies>
  </SolutionManifest>
</ImportExportXml>