<ImportExportXml xmlns:xsi="http://www.w3.org/2001/XMLSchema-instance" OrganizationVersion="9.2.25013.202" OrganizationSchemaType="Full" CRMServerServiceabilityVersion="9.2.25013.00202">
  <Entities>
    <Entity>
      <Name LocalizedName="Member" OriginalName="">Contact</Name>
      <EntityInfo>
        <entity Name="Contact">
          <LocalizedNames>
            <LocalizedName description="Member" languagecode="1033" />
          </LocalizedNames>
          <LocalizedCollectionNames>
            <LocalizedCollectionName description="Members" languagecode="1033" />
          </LocalizedCollectionNames>
          <Descriptions>
            <Description description="Person with whom a business unit has a relationship, such as customer, supplier, and colleague." languagecode="1033" />
          </Descriptions>
          <attributes>
            <attribute PhysicalName="vcu_MobilePhoneCleaned">
              <Type>float</Type>
              <Name>vcu_mobilephonecleaned</Name>
              <LogicalName>vcu_mobilephonecleaned</LogicalName>
              <RequiredLevel>none</RequiredLevel>
              <DisplayMask>ValidForAdvancedFind|ValidForForm|ValidForGrid</DisplayMask>
              <ImeMode>auto</ImeMode>
              <ValidForUpdateApi>1</ValidForUpdateApi>
              <ValidForReadApi>1</ValidForReadApi>
              <ValidForCreateApi>1</ValidForCreateApi>
              <IsCustomField>1</IsCustomField>
              <IsAuditEnabled>1</IsAuditEnabled>
              <IsSecured>0</IsSecured>
              <IntroducedVersion>1.0</IntroducedVersion>
              <IsCustomizable>1</IsCustomizable>
              <IsRenameable>1</IsRenameable>
              <CanModifySearchSettings>1</CanModifySearchSettings>
              <CanModifyRequirementLevelSettings>1</CanModifyRequirementLevelSettings>
              <CanModifyAdditionalSettings>1</CanModifyAdditionalSettings>
              <SourceType>0</SourceType>
              <IsGlobalFilterEnabled>0</IsGlobalFilterEnabled>
              <IsSortableEnabled>0</IsSortableEnabled>
              <CanModifyGlobalFilterSettings>1</CanModifyGlobalFilterSettings>
              <CanModifyIsSortableSettings>1</CanModifyIsSortableSettings>
              <IsDataSourceSecret>0</IsDataSourceSecret>
              <AutoNumberFormat></AutoNumberFormat>
              <IsSearchable>0</IsSearchable>
              <IsFilterable>0</IsFilterable>
              <IsRetrievable>0</IsRetrievable>
              <IsLocalizable>0</IsLocalizable>
              <MinValue>0</MinValue>
              <MaxValue>9999999999</MaxValue>
              <Accuracy>0</Accuracy>
              <displaynames>
                <displayname description="Mobile Phone Cleaned" languagecode="1033" />
              </displaynames>
              <Descriptions>
                <Description description="" languagecode="1033" />
              </Descriptions>
            </attribute>
            <attribute PhysicalName="vcu_telephone1Cleaned">
              <Type>float</Type>
              <Name>vcu_telephone1cleaned</Name>
              <LogicalName>vcu_telephone1cleaned</LogicalName>
              <RequiredLevel>none</RequiredLevel>
              <DisplayMask>ValidForAdvancedFind|ValidForForm|ValidForGrid</DisplayMask>
              <ImeMode>inactive</ImeMode>
              <ValidForUpdateApi>1</ValidForUpdateApi>
              <ValidForReadApi>1</ValidForReadApi>
              <ValidForCreateApi>1</ValidForCreateApi>
              <IsCustomField>1</IsCustomField>
              <IsAuditEnabled>1</IsAuditEnabled>
              <IsSecured>0</IsSecured>
              <IntroducedVersion>1.0</IntroducedVersion>
              <IsCustomizable>1</IsCustomizable>
              <IsRenameable>1</IsRenameable>
              <CanModifySearchSettings>1</CanModifySearchSettings>
              <CanModifyRequirementLevelSettings>1</CanModifyRequirementLevelSettings>
              <CanModifyAdditionalSettings>1</CanModifyAdditionalSettings>
              <SourceType>0</SourceType>
              <IsGlobalFilterEnabled>0</IsGlobalFilterEnabled>
              <IsSortableEnabled>0</IsSortableEnabled>
              <CanModifyGlobalFilterSettings>1</CanModifyGlobalFilterSettings>
              <CanModifyIsSortableSettings>1</CanModifyIsSortableSettings>
              <IsDataSourceSecret>0</IsDataSourceSecret>
              <AutoNumberFormat></AutoNumberFormat>
              <IsSearchable>0</IsSearchable>
              <IsFilterable>0</IsFilterable>
              <IsRetrievable>0</IsRetrievable>
              <IsLocalizable>0</IsLocalizable>
              <MinValue>0</MinValue>
              <MaxValue>99999999999</MaxValue>
              <Accuracy>0</Accuracy>
              <displaynames>
                <displayname description="Home Phone Cleaned" languagecode="1033" />
              </displaynames>
              <Descriptions>
                <Description description="" languagecode="1033" />
              </Descriptions>
            </attribute>
          </attributes>
          <EntitySetName>contacts</EntitySetName>
          <IsDuplicateCheckSupported>1</IsDuplicateCheckSupported>
          <IsBusinessProcessEnabled>1</IsBusinessProcessEnabled>
          <IsRequiredOffline>0</IsRequiredOffline>
          <IsInteractionCentricEnabled>1</IsInteractionCentricEnabled>
          <IsCollaboration>0</IsCollaboration>
          <AutoRouteToOwnerQueue>0</AutoRouteToOwnerQueue>
          <IsConnectionsEnabled>1</IsConnectionsEnabled>
          <EntityColor>#005088</EntityColor>
          <IsDocumentManagementEnabled>0</IsDocumentManagementEnabled>
          <AutoCreateAccessTeams>0</AutoCreateAccessTeams>
          <IsOneNoteIntegrationEnabled>0</IsOneNoteIntegrationEnabled>
          <IsKnowledgeManagementEnabled>0</IsKnowledgeManagementEnabled>
          <IsSLAEnabled>0</IsSLAEnabled>
          <IsDocumentRecommendationsEnabled>0</IsDocumentRecommendationsEnabled>
          <IsBPFEntity>0</IsBPFEntity>
          <OwnershipTypeMask>UserOwned</OwnershipTypeMask>
          <EntityMask>ActivityPointer</EntityMask>
          <IsAuditEnabled>1</IsAuditEnabled>
          <IsRetrieveAuditEnabled>0</IsRetrieveAuditEnabled>
          <IsRetrieveMultipleAuditEnabled>0</IsRetrieveMultipleAuditEnabled>
          <IsActivity>0</IsActivity>
          <ActivityTypeMask></ActivityTypeMask>
          <IsActivityParty>1</IsActivityParty>
          <IsReplicated>1</IsReplicated>
          <IsReplicationUserFiltered>1</IsReplicationUserFiltered>
          <IsMailMergeEnabled>1</IsMailMergeEnabled>
          <IsVisibleInMobile>1</IsVisibleInMobile>
          <IsVisibleInMobileClient>1</IsVisibleInMobileClient>
          <IsReadOnlyInMobileClient>0</IsReadOnlyInMobileClient>
          <IsOfflineInMobileClient>1</IsOfflineInMobileClient>
          <DaysSinceRecordLastModified>10</DaysSinceRecordLastModified>
          <MobileOfflineFilters>
		&lt;fetch version="1.0" output-format="xml-platform" mapping="logical" distinct="false"&gt;
			&lt;entity name="contact"&gt;
				&lt;filter type="and"&gt;
					&lt;condition attribute="modifiedon" operator="last-x-days" value="10"/&gt;
				&lt;/filter&gt;
			&lt;/entity&gt;
		&lt;/fetch&gt;
		</MobileOfflineFilters>
          <IsMapiGridEnabled>1</IsMapiGridEnabled>
          <IsReadingPaneEnabled>1</IsReadingPaneEnabled>
          <IsQuickCreateEnabled>0</IsQuickCreateEnabled>
          <SyncToExternalSearchIndex>1</SyncToExternalSearchIndex>
          <IntroducedVersion>5.0.0.0</IntroducedVersion>
          <EnforceStateTransitions>0</EnforceStateTransitions>
          <EntityHelpUrlEnabled>0</EntityHelpUrlEnabled>
          <EntityHelpUrl></EntityHelpUrl>
          <ChangeTrackingEnabled>1</ChangeTrackingEnabled>
          <IsEnabledForExternalChannels>1</IsEnabledForExternalChannels>
          <IsMSTeamsIntegrationEnabled>0</IsMSTeamsIntegrationEnabled>
          <IsSolutionAware>0</IsSolutionAware>
          <HasRelatedNotes>True</HasRelatedNotes>
          <HasRelatedFeedback>True</HasRelatedFeedback>
          <HasRelatedActivities>True</HasRelatedActivities>
        </entity>
      </EntityInfo>
      <RibbonDiffXml>
        <CustomActions>
          <CustomAction Id="vcu.contact.Button3.Button.vcu.contact.NewComplaint.Button.CustomAction" Location="Mscrm.Form.contact.MainTab.Save.Controls._children" Sequence="59">
            <CommandUIDefinition>
              <Button Alt="$LocLabels:vcu.contact.Button3.Button.vcu.contact.NewComplaint.Button.Alt" Command="vcu.contact.Command4.vcu.NewComplaint.Button" CommandValueId="" Id="vcu.contact.Button3.Button.vcu.contact.NewComplaint.Button" Image32by32="/imgs/ribbon/newrecord32.png" Image16by16="/_imgs/ribbon/New_16.png" LabelText="$LocLabels:vcu.contact.Button3.Button.vcu.contact.NewComplaint.Button.LabelText" Sequence="59" TemplateAlias="o1" ToolTipTitle="$LocLabels:vcu.contact.Button3.Button.vcu.contact.NewComplaint.Button.ToolTipTitle" ToolTipDescription="$LocLabels:vcu.contact.Button3.Button.vcu.contact.NewComplaint.Button.ToolTipDescription" ModernImage="New" />
            </CommandUIDefinition>
          </CustomAction>
          <CustomAction Id="vcu.contact.CopyCif.Button.CustomAction" Location="Mscrm.Form.contact.MainTab.Save.Controls._children" Sequence="38">
            <CommandUIDefinition>
              <Button Command="vcu.contact.CopyCif.Command" Id="vcu.contact.CopyCif.Button" Image32by32="$webresource:Service/_imgs/ribbon/Copy_32.png" Image16by16="$webresource:Service/_imgs/ribbon/Copy_16.png" LabelText="$LocLabels:vcu.contact.CopyCif.Button.LabelText" Sequence="38" TemplateAlias="o1" ModernImage="$webresource:vcu_Copy.svg" />
            </CommandUIDefinition>
          </CustomAction>
          <CustomAction Id="vcu.contact.CreateFollowUpTask.Button.CustomAction" Location="Mscrm.Form.contact.MainTab.Save.Controls._children" Sequence="58">
            <CommandUIDefinition>
              <Button Alt="$LocLabels:vcu.contact.CreateFollowUpTask.Button.Alt" Command="vcu.contact.CreateFollowUpTask.Command" CommandValueId="" Id="vcu.contact.CreateFollowUpTask.Button" Image32by32="/imgs/ribbon/newrecord32.png" Image16by16="/_imgs/ribbon/New_16.png" LabelText="$LocLabels:vcu.contact.CreateFollowUpTask.Button.LabelText" Sequence="58" TemplateAlias="o1" ToolTipTitle="$LocLabels:vcu.contact.CreateFollowUpTask.Button.ToolTipTitle" ToolTipDescription="$LocLabels:vcu.contact.CreateFollowUpTask.Button.ToolTipDescription" ModernImage="New" />
            </CommandUIDefinition>
          </CustomAction>
          <CustomAction Id="vcu.contact.NewCase.Button.CustomAction" Location="Mscrm.Form.contact.MainTab.Save.Controls._children" Sequence="57">
            <CommandUIDefinition>
              <Button Alt="$LocLabels:vcu.contact.NewCase.Button.Alt" Command="vcu.contact.Command2.vcu.NewCase.Button" CommandValueId="" Id="vcu.contact.NewCase.Button" Image32by32="/imgs/ribbon/newrecord32.png" Image16by16="/_imgs/ribbon/New_16.png" LabelText="$LocLabels:vcu.contact.NewCase.Button.LabelText" Sequence="57" TemplateAlias="o1" ToolTipTitle="$LocLabels:vcu.contact.NewCase.Button.ToolTipTitle" ToolTipDescription="$LocLabels:vcu.contact.NewCase.Button.ToolTipDescription" ModernImage="New" />
            </CommandUIDefinition>
          </CustomAction>
          <CustomAction Id="vcu.NewReferral.Button.CustomAction" Location="Mscrm.Form.contact.MainTab.Save.Controls._children" Sequence="53">
            <CommandUIDefinition>
              <Button Alt="$LocLabels:vcu.NewReferral.Button.Alt" Command="vcu.activitypointer.Command0.Command" Id="vcu.NewReferral.Button" Image32by32="/imgs/ribbon/newrecord32.png" Image16by16="/_imgs/ribbon/New_16.png" LabelText="$LocLabels:vcu.NewReferral.Button.LabelText" Sequence="53" TemplateAlias="o1" ToolTipTitle="$LocLabels:vcu.NewReferral.Button.ToolTipTitle" ToolTipDescription="$LocLabels:vcu.NewReferral.Button.ToolTipDescription" ModernImage="New" />
            </CommandUIDefinition>
          </CustomAction>
        </CustomActions>
        <Templates>
          <RibbonTemplates Id="Mscrm.Templates"></RibbonTemplates>
        </Templates>
        <CommandDefinitions>
          <CommandDefinition Id="vcu.activitypointer.Command0.Command">
            <EnableRules />
            <DisplayRules />
            <Actions>
              <JavaScriptFunction FunctionName="VCU.Referral.CreateReferral" Library="$webresource:vcu_CreateNewReferral">
                <CrmParameter Value="PrimaryControl" />
              </JavaScriptFunction>
            </Actions>
          </CommandDefinition>
          <CommandDefinition Id="vcu.contact.Button3.Button.vcu.contact.NewCase.Button">
            <EnableRules />
            <DisplayRules />
            <Actions>
              <JavaScriptFunction FunctionName="VCU.Case.CreateCase" Library="$webresource:vcu_CreateNewCase">
                <CrmParameter Value="PrimaryControl" />
              </JavaScriptFunction>
            </Actions>
          </CommandDefinition>
          <CommandDefinition Id="vcu.contact.Button5.Button.vcu.NewReferral.Button">
            <EnableRules />
            <DisplayRules />
            <Actions>
              <JavaScriptFunction FunctionName="VCU.Referral.CreateReferral" Library="$webresource:vcu_CreateNewReferral">
                <CrmParameter Value="PrimaryControl" />
              </JavaScriptFunction>
            </Actions>
          </CommandDefinition>
          <CommandDefinition Id="vcu.contact.Command2.vcu.NewCase.Button">
            <EnableRules />
            <DisplayRules />
            <Actions>
              <JavaScriptFunction FunctionName="VCU.Case.CreateCase" Library="$webresource:vcu_CreateNewCase">
                <CrmParameter Value="PrimaryControl" />
              </JavaScriptFunction>
            </Actions>
          </CommandDefinition>
          <CommandDefinition Id="vcu.contact.Command4.vcu.NewComplaint.Button">
            <EnableRules />
            <DisplayRules />
            <Actions>
              <JavaScriptFunction FunctionName="VCU.Case.CreateComplaint" Library="$webresource:vcu_CreateNewComplaint">
                <CrmParameter Value="PrimaryControl" />
              </JavaScriptFunction>
            </Actions>
          </CommandDefinition>
          <CommandDefinition Id="vcu.contact.CopyCif.Command">
            <EnableRules />
            <DisplayRules />
            <Actions>
              <JavaScriptFunction FunctionName="copyCif" Library="$webresource:vcu_MemberLibrary">
                <CrmParameter Value="PrimaryControl" />
              </JavaScriptFunction>
            </Actions>
          </CommandDefinition>
          <CommandDefinition Id="vcu.contact.CreateFollowUpTask.Command">
            <EnableRules />
            <DisplayRules />
            <Actions>
              <JavaScriptFunction FunctionName="createFollowUpTask" Library="$webresource:vcu_create_followup_task.js">
                <CrmParameter Value="PrimaryControl" />
              </JavaScriptFunction>
            </Actions>
          </CommandDefinition>
          <CommandDefinition Id="vcu.contact.NewNote.Command">
            <EnableRules />
            <DisplayRules />
            <Actions>
              <JavaScriptFunction FunctionName="openNotesForm" Library="$webresource:vcu_MemberLibrary">
                <CrmParameter Value="PrimaryControl" />
              </JavaScriptFunction>
            </Actions>
          </CommandDefinition>
          <CommandDefinition Id="vcu.contact.Note2.Command">
            <EnableRules />
            <DisplayRules />
            <Actions>
              <JavaScriptFunction FunctionName="openTimelineNote" Library="$webresource:vcu_MemberLibrary">
                <CrmParameter Value="PrimaryControl" />
              </JavaScriptFunction>
            </Actions>
          </CommandDefinition>
        </CommandDefinitions>
        <RuleDefinitions>
          <TabDisplayRules />
          <DisplayRules />
          <EnableRules />
        </RuleDefinitions>
        <LocLabels>
          <LocLabel Id="vcu.contact.Button3.Button.vcu.contact.NewComplaint.Button.Alt">
            <Titles>
              <Title description="Create a new Complaint record" languagecode="1033" />
            </Titles>
          </LocLabel>
          <LocLabel Id="vcu.contact.Button3.Button.vcu.contact.NewComplaint.Button.LabelText">
            <Titles>
              <Title description="Complaint" languagecode="1033" />
            </Titles>
          </LocLabel>
          <LocLabel Id="vcu.contact.Button3.Button.vcu.contact.NewComplaint.Button.ToolTipDescription">
            <Titles>
              <Title description="Create a new Complaint record" languagecode="1033" />
            </Titles>
          </LocLabel>
          <LocLabel Id="vcu.contact.Button3.Button.vcu.contact.NewComplaint.Button.ToolTipTitle">
            <Titles>
              <Title description="Create a new Complaint record" languagecode="1033" />
            </Titles>
          </LocLabel>
          <LocLabel Id="vcu.contact.CopyCif.Button.LabelText">
            <Titles>
              <Title description="Copy Cif" languagecode="1033" />
            </Titles>
          </LocLabel>
          <LocLabel Id="vcu.contact.CreateFollowUpTask.Button.Alt">
            <Titles>
              <Title description="Create Follow up Task" languagecode="1033" />
            </Titles>
          </LocLabel>
          <LocLabel Id="vcu.contact.CreateFollowUpTask.Button.LabelText">
            <Titles>
              <Title description="Follow Up Task" languagecode="1033" />
            </Titles>
          </LocLabel>
          <LocLabel Id="vcu.contact.CreateFollowUpTask.Button.ToolTipDescription">
            <Titles>
              <Title description="Create Follow up Task" languagecode="1033" />
            </Titles>
          </LocLabel>
          <LocLabel Id="vcu.contact.CreateFollowUpTask.Button.ToolTipTitle">
            <Titles>
              <Title description="Create Follow up Task" languagecode="1033" />
            </Titles>
          </LocLabel>
          <LocLabel Id="vcu.contact.NewCase.Button.Alt">
            <Titles>
              <Title description="Create a new Case/Complaint record" languagecode="1033" />
            </Titles>
          </LocLabel>
          <LocLabel Id="vcu.contact.NewCase.Button.LabelText">
            <Titles>
              <Title description="Case" languagecode="1033" />
            </Titles>
          </LocLabel>
          <LocLabel Id="vcu.contact.NewCase.Button.ToolTipDescription">
            <Titles>
              <Title description="Create a new Case/Complaint record" languagecode="1033" />
            </Titles>
          </LocLabel>
          <LocLabel Id="vcu.contact.NewCase.Button.ToolTipTitle">
            <Titles>
              <Title description="Create a new Case/Complaint record" languagecode="1033" />
            </Titles>
          </LocLabel>
          <LocLabel Id="vcu.NewReferral.Button.Alt">
            <Titles>
              <Title description="New Referral" languagecode="1033" />
            </Titles>
          </LocLabel>
          <LocLabel Id="vcu.NewReferral.Button.LabelText">
            <Titles>
              <Title description="Referral" languagecode="1033" />
            </Titles>
          </LocLabel>
          <LocLabel Id="vcu.NewReferral.Button.ToolTipDescription">
            <Titles>
              <Title description="New Referral" languagecode="1033" />
            </Titles>
          </LocLabel>
          <LocLabel Id="vcu.NewReferral.Button.ToolTipTitle">
            <Titles>
              <Title description="New Referral" languagecode="1033" />
            </Titles>
          </LocLabel>
        </LocLabels>
      </RibbonDiffXml>
    </Entity>
  </Entities>
  <Roles></Roles>
  <Workflows>
    <Workflow WorkflowId="{398f2fa4-d9cc-ef11-b8e8-7c1e525c86cc}" Name="Clean Phone Numbers and Convert to Decimal and Generate Report">
      <JsonFileName>/Workflows/CleanPhoneNumbersandConverttoDecimalandGenerateRep-398F2FA4-D9CC-EF11-B8E8-7C1E525C86CC.json</JsonFileName>
      <Type>1</Type>
      <Subprocess>0</Subprocess>
      <Category>5</Category>
      <Mode>0</Mode>
      <Scope>4</Scope>
      <OnDemand>0</OnDemand>
      <TriggerOnCreate>0</TriggerOnCreate>
      <TriggerOnDelete>0</TriggerOnDelete>
      <AsyncAutodelete>0</AsyncAutodelete>
      <SyncWorkflowLogOnFailure>0</SyncWorkflowLogOnFailure>
      <StateCode>1</StateCode>
      <StatusCode>2</StatusCode>
      <RunAs>1</RunAs>
      <IsTransacted>1</IsTransacted>
      <IntroducedVersion>1.0.0.0</IntroducedVersion>
      <IsCustomizable>1</IsCustomizable>
      <BusinessProcessType>0</BusinessProcessType>
      <IsCustomProcessingStepAllowedForOtherPublishers>1</IsCustomProcessingStepAllowedForOtherPublishers>
      <PrimaryEntity>none</PrimaryEntity>
      <LocalizedNames>
        <LocalizedName languagecode="1033" description="Clean Phone Numbers and Convert to Decimal and Generate Report" />
      </LocalizedNames>
    </Workflow>
  </Workflows>
  <FieldSecurityProfiles></FieldSecurityProfiles>
  <Templates />
  <EntityMaps>
    <EntityMap>
      <EntitySource>account</EntitySource>
      <EntityTarget>contact</EntityTarget>
      <AttributeMaps>
        <AttributeMap>
          <AttributeSource>vcu_isbusinessservicescompany</AttributeSource>
          <AttributeTarget>vcu_isbusinessservicescontact</AttributeTarget>
        </AttributeMap>
        <AttributeMap>
          <AttributeSource>vcu_isindirectcompany</AttributeSource>
          <AttributeTarget>vcu_isindirectcontact</AttributeTarget>
        </AttributeMap>
        <AttributeMap>
          <AttributeSource>vcu_ismortgagecompany</AttributeSource>
          <AttributeTarget>vcu_ismortgagecontact</AttributeTarget>
        </AttributeMap>
      </AttributeMaps>
    </EntityMap>
    <EntityMap>
      <EntitySource>lead</EntitySource>
      <EntityTarget>contact</EntityTarget>
      <AttributeMaps>
        <AttributeMap>
          <AttributeSource>jobtitle</AttributeSource>
          <AttributeTarget>vcu_title</AttributeTarget>
        </AttributeMap>
      </AttributeMaps>
    </EntityMap>
  </EntityMaps>
  <EntityRelationships />
  <OrganizationSettings />
  <optionsets />
  <CustomControls />
  <EntityDataProviders />
  <connectionreferences>
    <connectionreference connectionreferencelogicalname="vcu_sharedcommondataserviceforapps_05ad0">
      <connectionreferencedisplayname>Microsoft Dataverse Bug299206-05ad0</connectionreferencedisplayname>
      <connectorid>/providers/Microsoft.PowerApps/apis/shared_commondataserviceforapps</connectorid>
      <iscustomizable>1</iscustomizable>
      <statecode>0</statecode>
      <statuscode>1</statuscode>
    </connectionreference>
  </connectionreferences>
  <Languages>
    <Language>1033</Language>
  </Languages>
</ImportExportXml>