<?xml version="1.0" encoding="utf-8" ?>
<manifest>
  <control namespace="sms" constructor="art" version="0.0.1" display-name-key="art" description-key="art description" control-type="standard" >

    <external-service-usage enabled="false">

    </external-service-usage>
    <property name="sampleProperty" display-name-key="Property_Display_Key" description-key="Property_Desc_Key" of-type="SingleLine.Text" usage="bound" required="true" />

    <resources>
      <code path="index.ts" order="1"/>

    </resources>

  </control>
</manifest>
