<ImportExportXml xmlns:xsi="http://www.w3.org/2001/XMLSchema-instance" OrganizationVersion="9.2.24114.232" OrganizationSchemaType="Full" CRMServerServiceabilityVersion="9.2.24114.00232">
  <Entities></Entities>
  <Roles></Roles>
  <Workflows>
    <Workflow WorkflowId="{a741c2e0-d468-ee11-9ae7-002248281c0f}" Name="Filter Contact based on Search Input">
      <JsonFileName>/Workflows/FilterContactbasedonSearchInput-A741C2E0-D468-EE11-9AE7-002248281C0F.json</JsonFileName>
      <Type>1</Type>
      <Subprocess>0</Subprocess>
      <Category>5</Category>
      <Mode>0</Mode>
      <Scope>4</Scope>
      <OnDemand>0</OnDemand>
      <TriggerOnCreate>0</TriggerOnCreate>
      <TriggerOnDelete>0</TriggerOnDelete>
      <AsyncAutodelete>0</AsyncAutodelete>
      <SyncWorkflowLogOnFailure>0</SyncWorkflowLogOnFailure>
      <StateCode>1</StateCode>
      <StatusCode>2</StatusCode>
      <RunAs>1</RunAs>
      <IsTransacted>1</IsTransacted>
      <IntroducedVersion>1.0.0.1</IntroducedVersion>
      <IsCustomizable>1</IsCustomizable>
      <BusinessProcessType>0</BusinessProcessType>
      <IsCustomProcessingStepAllowedForOtherPublishers>1</IsCustomProcessingStepAllowedForOtherPublishers>
      <PrimaryEntity>none</PrimaryEntity>
      <LocalizedNames>
        <LocalizedName languagecode="1033" description="Filter Contact based on Search Input" />
      </LocalizedNames>
    </Workflow>
    <Workflow WorkflowId="{50e313ba-1a4e-ee11-be6f-002248281c0f}" Name="Get Contacts filtered by Phone Number">
      <JsonFileName>/Workflows/GetContactsfilteredbyPhoneNumber-50E313BA-1A4E-EE11-BE6F-002248281C0F.json</JsonFileName>
      <Type>1</Type>
      <Subprocess>0</Subprocess>
      <Category>5</Category>
      <Mode>0</Mode>
      <Scope>4</Scope>
      <OnDemand>0</OnDemand>
      <TriggerOnCreate>0</TriggerOnCreate>
      <TriggerOnDelete>0</TriggerOnDelete>
      <AsyncAutodelete>0</AsyncAutodelete>
      <SyncWorkflowLogOnFailure>0</SyncWorkflowLogOnFailure>
      <StateCode>1</StateCode>
      <StatusCode>2</StatusCode>
      <RunAs>1</RunAs>
      <IsTransacted>1</IsTransacted>
      <IntroducedVersion>1.0</IntroducedVersion>
      <IsCustomizable>1</IsCustomizable>
      <BusinessProcessType>0</BusinessProcessType>
      <IsCustomProcessingStepAllowedForOtherPublishers>1</IsCustomProcessingStepAllowedForOtherPublishers>
      <PrimaryEntity>none</PrimaryEntity>
      <LocalizedNames>
        <LocalizedName languagecode="1033" description="Get Contacts filtered by Phone Number" />
      </LocalizedNames>
    </Workflow>
    <Workflow WorkflowId="{9ae59cfc-7950-ee11-be6f-002248281c0f}" Name="Get All Active Contacts">
      <JsonFileName>/Workflows/GetAllActiveContacts-9AE59CFC-7950-EE11-BE6F-002248281C0F.json</JsonFileName>
      <Type>1</Type>
      <Subprocess>0</Subprocess>
      <Category>5</Category>
      <Mode>0</Mode>
      <Scope>4</Scope>
      <OnDemand>0</OnDemand>
      <TriggerOnCreate>0</TriggerOnCreate>
      <TriggerOnDelete>0</TriggerOnDelete>
      <AsyncAutodelete>0</AsyncAutodelete>
      <SyncWorkflowLogOnFailure>0</SyncWorkflowLogOnFailure>
      <StateCode>0</StateCode>
      <StatusCode>1</StatusCode>
      <RunAs>1</RunAs>
      <IsTransacted>1</IsTransacted>
      <IntroducedVersion>1.0.0.1</IntroducedVersion>
      <IsCustomizable>1</IsCustomizable>
      <BusinessProcessType>0</BusinessProcessType>
      <IsCustomProcessingStepAllowedForOtherPublishers>1</IsCustomProcessingStepAllowedForOtherPublishers>
      <PrimaryEntity>none</PrimaryEntity>
      <LocalizedNames>
        <LocalizedName languagecode="1033" description="Get All Active Contacts" />
      </LocalizedNames>
    </Workflow>
  </Workflows>
  <FieldSecurityProfiles></FieldSecurityProfiles>
  <Templates />
  <EntityMaps />
  <EntityRelationships />
  <OrganizationSettings />
  <optionsets />
  <CustomControls />
  <EntityDataProviders />
  <CanvasApps>
    <CanvasApp>
      <Name>vystar_callhandler_63ed7</Name>
      <AppVersion>2024-10-17T10:48:56Z</AppVersion>
      <Status>Ready</Status>
      <CreatedByClientVersion>3.24095.15.0</CreatedByClientVersion>
      <MinClientVersion>3.24095.15.0</MinClientVersion>
      <Tags>{"primaryDeviceWidth":"1566","primaryDeviceHeight":"1165","supportsPortrait":"true","supportsLandscape":"true","primaryFormFactor":"Tablet","publisherVersion":"3.24095.15","minimumRequiredApiVersion":"2.2.0","hasComponent":"false","hasUnlockedComponent":"false","isUnifiedRootApp":"false","sienaVersion":"20241001T120434Z-3.24092.17.0","showStatusBar":"false","offlineLargeFilesSupport":"false"}</Tags>
      <IsCdsUpgraded>0</IsCdsUpgraded>
      <GalleryItemId xsi:nil="true"></GalleryItemId>
      <BackgroundColor>RGBA(0,176,240,1)</BackgroundColor>
      <DisplayName>CTI</DisplayName>
      <Description>added mobilefield param in the flow</Description>
      <CommitMessage>Save app with description provided in publish dialog.</CommitMessage>
      <Publisher></Publisher>
      <AuthorizationReferences>[]</AuthorizationReferences>
      <ConnectionReferences>{"b7e80597-2c96-48c1-a422-d88f930e174a":{"id":"/providers/microsoft.powerapps/apis/shared_logicflows","displayName":"Logic flows","iconUri":"https://connectoricons-prod.azureedge.net/releases/v1.0.1697/1.0.1697.3784/logicflows/icon.png","dataSources":["FilterContactbasedonSearchInput"],"dependencies":["97acab6d-8703-445b-857d-2f73e00fc425"],"dependents":[],"parameterHints":{"workflowName":{"value":"0bebef1d-fb91-4469-897b-b76a8c6290b6"},"workflowEntityId":{"value":"a741c2e0-d468-ee11-9ae7-002248281c0f"},"workflowDisplayName":{"value":"Filter Contact based on Search Input"},"97acab6d-8703-445b-857d-2f73e00fc425":{"value":"shared_commondataserviceforapps"}},"parameterHintsV2":{"workflowName":{"value":"0bebef1d-fb91-4469-897b-b76a8c6290b6"},"workflowEntityId":{"value":"a741c2e0-d468-ee11-9ae7-002248281c0f"},"workflowDisplayName":{"value":"Filter Contact based on Search Input"},"shared_commondataserviceforapps":{"value":"97acab6d-8703-445b-857d-2f73e00fc425"}},"isOnPremiseConnection":false,"bypassConsent":false,"dataSets":{},"apiTier":"Standard","actions":["Run"]},"97acab6d-8703-445b-857d-2f73e00fc425":{"id":"/providers/microsoft.powerapps/apis/shared_commondataserviceforapps","displayName":"Microsoft Dataverse","iconUri":"https://connectoricons-prod.azureedge.net/releases/v1.0.1716/1.0.1716.3922/commondataserviceforapps/icon.png","dataSources":[],"dependencies":[],"dependents":["b7e80597-2c96-48c1-a422-d88f930e174a","25fe204c-98b4-4123-b245-f08542db3a4d"],"parameterHints":{},"parameterHintsV2":{},"isOnPremiseConnection":false,"bypassConsent":false,"dataSets":{},"apiTier":"Premium"},"25fe204c-98b4-4123-b245-f08542db3a4d":{"id":"/providers/microsoft.powerapps/apis/shared_logicflows","displayName":"Logic flows","iconUri":"https://connectoricons-prod.azureedge.net/releases/v1.0.1697/1.0.1697.3784/logicflows/icon.png","dataSources":["GetContactsfilteredbyPhoneNumber"],"dependencies":["97acab6d-8703-445b-857d-2f73e00fc425"],"dependents":[],"parameterHints":{"workflowName":{"value":"65b81bfe-c85e-4c64-b74b-60a4c6babc84"},"workflowEntityId":{"value":"50e313ba-1a4e-ee11-be6f-002248281c0f"},"workflowDisplayName":{"value":"Get Contacts filtered by Phone Number"},"97acab6d-8703-445b-857d-2f73e00fc425":{"value":"shared_commondataserviceforapps"}},"parameterHintsV2":{"workflowName":{"value":"65b81bfe-c85e-4c64-b74b-60a4c6babc84"},"workflowEntityId":{"value":"50e313ba-1a4e-ee11-be6f-002248281c0f"},"workflowDisplayName":{"value":"Get Contacts filtered by Phone Number"},"shared_commondataserviceforapps":{"value":"97acab6d-8703-445b-857d-2f73e00fc425"}},"isOnPremiseConnection":false,"bypassConsent":false,"dataSets":{},"apiTier":"Standard","actions":["Run"]}}</ConnectionReferences>
      <DatabaseReferences>{"default.cds":{"databaseDetails":{"referenceType":"Environmental","environmentName":"default.cds","overrideValues":{"status":"NotSpecified"}},"dataSources":{"Contacts":{"entitySetName":"contacts","logicalName":"contact"},"Environment Variable Definitions":{"entitySetName":"environmentvariabledefinitions","logicalName":"environmentvariabledefinition"}}}}</DatabaseReferences>
      <AppComponents>[]</AppComponents>
      <AppComponentDependencies>[]</AppComponentDependencies>
      <CanConsumeAppPass>1</CanConsumeAppPass>
      <CanvasAppType>0</CanvasAppType>
      <BypassConsent>0</BypassConsent>
      <AdminControlBypassConsent>0</AdminControlBypassConsent>
      <EmbeddedApp xsi:nil="true"></EmbeddedApp>
      <IntroducedVersion>1.0</IntroducedVersion>
      <CdsDependencies>{"cdsdependencies":[{"dependencyid":"a741c2e0-d468-ee11-9ae7-002248281c0f","componenttype":29,"componenttypeplatformname":"Workflow"},{"dependencyid":"50e313ba-1a4e-ee11-be6f-002248281c0f","componenttype":29,"componenttypeplatformname":"Workflow"},{"logicalname":"contact","componenttype":1},{"logicalname":"environmentvariabledefinition","componenttype":1}]}</CdsDependencies>
      <IsCustomizable>1</IsCustomizable>
      <BackgroundImageUri>/CanvasApps/vystar_callhandler_63ed7_BackgroundImageUri</BackgroundImageUri>
      <DocumentUri>/CanvasApps/vystar_callhandler_63ed7_DocumentUri.msapp</DocumentUri>
      <AdditionalUris>
        <AdditionalUri>/CanvasApps/vystar_callhandler_63ed7_AdditionalUris0_identity.json</AdditionalUri>
      </AdditionalUris>
    </CanvasApp>
  </CanvasApps>
  <Languages>
    <Language>1033</Language>
  </Languages>
</ImportExportXml>