<ImportExportXml version="9.2.24114.232" SolutionPackageVersion="9.2" languagecode="1033" generatedBy="CrmLive" xmlns:xsi="http://www.w3.org/2001/XMLSchema-instance" OrganizationVersion="9.2.24114.232" OrganizationSchemaType="Full" CRMServerServiceabilityVersion="9.2.24114.00232">
  <SolutionManifest>
    <UniqueName>CTIFlowchanges</UniqueName>
    <LocalizedNames>
      <LocalizedName description="CTI Flow changes" languagecode="1033" />
    </LocalizedNames>
    <Descriptions />
    <Version>1.0.0.2</Version>
    <Managed>0</Managed>
    <Publisher>
      <UniqueName>vystarcu</UniqueName>
      <LocalizedNames>
        <LocalizedName description="VystarCU" languagecode="1033" />
      </LocalizedNames>
      <Descriptions />
      <EMailAddress xsi:nil="true"></EMailAddress>
      <SupportingWebsiteUrl xsi:nil="true"></SupportingWebsiteUrl>
      <CustomizationPrefix>vcu</CustomizationPrefix>
      <CustomizationOptionValuePrefix>80044</CustomizationOptionValuePrefix>
      <Addresses>
        <Address>
          <AddressNumber>1</AddressNumber>
          <AddressTypeCode>1</AddressTypeCode>
          <City xsi:nil="true"></City>
          <County xsi:nil="true"></County>
          <Country xsi:nil="true"></Country>
          <Fax xsi:nil="true"></Fax>
          <FreightTermsCode xsi:nil="true"></FreightTermsCode>
          <ImportSequenceNumber xsi:nil="true"></ImportSequenceNumber>
          <Latitude xsi:nil="true"></Latitude>
          <Line1 xsi:nil="true"></Line1>
          <Line2 xsi:nil="true"></Line2>
          <Line3 xsi:nil="true"></Line3>
          <Longitude xsi:nil="true"></Longitude>
          <Name xsi:nil="true"></Name>
          <PostalCode xsi:nil="true"></PostalCode>
          <PostOfficeBox xsi:nil="true"></PostOfficeBox>
          <PrimaryContactName xsi:nil="true"></PrimaryContactName>
          <ShippingMethodCode>1</ShippingMethodCode>
          <StateOrProvince xsi:nil="true"></StateOrProvince>
          <Telephone1 xsi:nil="true"></Telephone1>
          <Telephone2 xsi:nil="true"></Telephone2>
          <Telephone3 xsi:nil="true"></Telephone3>
          <TimeZoneRuleVersionNumber xsi:nil="true"></TimeZoneRuleVersionNumber>
          <UPSZone xsi:nil="true"></UPSZone>
          <UTCOffset xsi:nil="true"></UTCOffset>
          <UTCConversionTimeZoneCode xsi:nil="true"></UTCConversionTimeZoneCode>
        </Address>
        <Address>
          <AddressNumber>2</AddressNumber>
          <AddressTypeCode>1</AddressTypeCode>
          <City xsi:nil="true"></City>
          <County xsi:nil="true"></County>
          <Country xsi:nil="true"></Country>
          <Fax xsi:nil="true"></Fax>
          <FreightTermsCode xsi:nil="true"></FreightTermsCode>
          <ImportSequenceNumber xsi:nil="true"></ImportSequenceNumber>
          <Latitude xsi:nil="true"></Latitude>
          <Line1 xsi:nil="true"></Line1>
          <Line2 xsi:nil="true"></Line2>
          <Line3 xsi:nil="true"></Line3>
          <Longitude xsi:nil="true"></Longitude>
          <Name xsi:nil="true"></Name>
          <PostalCode xsi:nil="true"></PostalCode>
          <PostOfficeBox xsi:nil="true"></PostOfficeBox>
          <PrimaryContactName xsi:nil="true"></PrimaryContactName>
          <ShippingMethodCode>1</ShippingMethodCode>
          <StateOrProvince xsi:nil="true"></StateOrProvince>
          <Telephone1 xsi:nil="true"></Telephone1>
          <Telephone2 xsi:nil="true"></Telephone2>
          <Telephone3 xsi:nil="true"></Telephone3>
          <TimeZoneRuleVersionNumber xsi:nil="true"></TimeZoneRuleVersionNumber>
          <UPSZone xsi:nil="true"></UPSZone>
          <UTCOffset xsi:nil="true"></UTCOffset>
          <UTCConversionTimeZoneCode xsi:nil="true"></UTCConversionTimeZoneCode>
        </Address>
      </Addresses>
    </Publisher>
    <RootComponents>
      <RootComponent type="29" id="{50e313ba-1a4e-ee11-be6f-002248281c0f}" behavior="0" />
      <RootComponent type="29" id="{9ae59cfc-7950-ee11-be6f-002248281c0f}" behavior="0" />
      <RootComponent type="29" id="{a741c2e0-d468-ee11-9ae7-002248281c0f}" behavior="0" />
      <RootComponent type="300" schemaName="vystar_callhandler_63ed7" behavior="0" />
    </RootComponents>
    <MissingDependencies>
      <MissingDependency>
        <Required type="1" schemaName="environmentvariabledefinition" displayName="Environment Variable Definition" solution="EnvironmentVariables (1.0.2406.4)">
          <package appName="EnvironmentVariables" version="1.0.2406.4">EnvironmentVariablesSolutionAnchor (1.0.2406.4)</package>
        </Required>
        <Dependent type="300" schemaName="vystar_callhandler_63ed7" displayName="CTI" />
      </MissingDependency>
      <MissingDependency>
        <Required type="connectionreference" displayName="vcu_sharedcommondataserviceforapps_05ad0" solution="Active" id.connectionreferencelogicalname="vcu_sharedcommondataserviceforapps_05ad0" />
        <Dependent type="29" displayName="Get Contacts filtered by Phone Number" id="{50e313ba-1a4e-ee11-be6f-002248281c0f}" />
      </MissingDependency>
      <MissingDependency>
        <Required type="connectionreference" displayName="vcu_sharedcommondataserviceforapps_05ad0" solution="Active" id.connectionreferencelogicalname="vcu_sharedcommondataserviceforapps_05ad0" />
        <Dependent type="29" displayName="Get All Active Contacts" id="{9ae59cfc-7950-ee11-be6f-002248281c0f}" />
      </MissingDependency>
      <MissingDependency>
        <Required type="connectionreference" displayName="vcu_sharedcommondataserviceforapps_05ad0" solution="Active" id.connectionreferencelogicalname="vcu_sharedcommondataserviceforapps_05ad0" />
        <Dependent type="29" displayName="Filter Contact based on Search Input" id="{a741c2e0-d468-ee11-9ae7-002248281c0f}" />
      </MissingDependency>
    </MissingDependencies>
  </SolutionManifest>
</ImportExportXml>