{
  "properties": {
    "connectionReferences": {
      "shared_commondataserviceforapps": {
        "runtimeSource": "embedded",
        "connection": {
          "connectionReferenceLogicalName": "vcu_sharedcommondataserviceforapps_05ad0"
        },
        "api": {
          "name": "shared_commondataserviceforapps"
        }
      }
    },
    "definition": {
      "$schema": "https://schema.management.azure.com/providers/Microsoft.Logic/schemas/2016-06-01/workflowdefinition.json#",
      "contentVersion": "1.0.0.0",
      "parameters": {
        "$connections": {
          "defaultValue": {},
          "type": "Object"
        },
        "$authentication": {
          "defaultValue": {},
          "type": "SecureObject"
        }
      },
      "triggers": {
        "manual": {
          "metadata": {
            "operationMetadataId": "d6c2ccc9-671f-48ff-a38f-11c31f4c2b7e"
          },
          "type": "Request",
          "kind": "PowerAppV2",
          "inputs": {
            "schema": {
              "type": "object",
              "properties": {},
              "required": []
            }
          }
        }
      },
      "actions": {
        "Response": {
          "runAfter": {
            "Compose": [
              "Succeeded"
            ]
          },
          "metadata": {
            "operationMetadataId": "644bc58a-d3d0-4c66-a80c-fdf4ab7c01b9"
          },
          "type": "Response",
          "kind": "Http",
          "inputs": {
            "statusCode": 200,
            "body": "@outputs('List_rows')?['body/value']",
            "schema": {
              "type": "array",
              "items": {
                "type": "object",
                "properties": {
                  "@@odata.type": {
                    "type": "string"
                  },
                  "@@odata.id": {
                    "type": "string"
                  },
                  "@@odata.etag": {
                    "type": "string"
                  },
                  "@@odata.editLink": {
                    "type": "string"
                  },
                  "vcu_ssn": {
                    "type": "string"
                  },
                  "fullname": {
                    "type": "string"
                  },
                  "mobilephone": {
                    "type": "string"
                  },
                  "address1_composite": {
                    "type": "string"
                  },
                  "vcu_cif": {
                    "type": "string"
                  },
                  "address1_line2": {
                    "type": "string"
                  },
                  "address1_line1": {
                    "type": "string"
                  },
                  "address1_city": {
                    "type": "string"
                  },
                  "address1_stateorprovince": {
                    "type": "string"
                  },
                  "address1_postalcode": {
                    "type": "string"
                  },
                  "contactid@odata.type": {
                    "type": "string"
                  },
                  "contactid": {
                    "type": "string"
                  },
                  "address1_telephone1": {
                    "type": "string"
                  },
                  "address1_telephone2": {
                    "type": "string"
                  },
                  "address1_telephone3": {
                    "type": "string"
                  },
                  "telephone1": {
                    "type": "string"
                  },
                  "telephone2": {
                    "type": "string"
                  },
                  "home2": {
                    "type": "string"
                  },
                  "business2": {
                    "type": "string"
                  },
                  "vcu_formattedssn": {
                    "type": "string"
                  }
                },
                "required": [
                  "contactid"
                ]
              }
            }
          }
        },
        "Compose": {
          "runAfter": {
            "List_rows": [
              "Succeeded"
            ]
          },
          "metadata": {
            "operationMetadataId": "c540dda5-9076-4550-91e3-5f879672cfec"
          },
          "type": "Compose",
          "inputs": "@length(outputs('List_rows')?['body/value'])"
        },
        "List_rows": {
          "runAfter": {},
          "metadata": {
            "operationMetadataId": "4a2894d7-f754-47db-b77d-df0155714078"
          },
          "type": "OpenApiConnection",
          "inputs": {
            "host": {
              "connectionName": "shared_commondataserviceforapps",
              "operationId": "ListRecords",
              "apiId": "/providers/Microsoft.PowerApps/apis/shared_commondataserviceforapps"
            },
            "parameters": {
              "entityName": "contacts",
              "$select": "vcu_ssn,fullname,mobilephone,address1_composite,vcu_cif,address1_telephone1,address1_telephone2,telephone1,telephone2,home2,business2,address1_telephone3,vcu_formattedssn",
              "$filter": "statuscode eq 1"
            },
            "authentication": "@parameters('$authentication')"
          }
        }
      }
    },
    "templateName": ""
  },
  "schemaVersion": "1.0.0.0"
}