<environmentvariabledefinition schemaname="vystar_AllContactsPageUri">
  <defaultvalue>https://vystardev.crm.dynamics.com/main.aspx?appid=366e83d0-7348-4d23-a106-e3108a6da7e6&amp;pagetype=entitylist&amp;etn=contact</defaultvalue>
  <displayname default="All Contacts Page Uri">
    <label description="All Contacts Page Uri" languagecode="1033" />
  </displayname>
  <introducedversion>1.0.0.0</introducedversion>
  <iscustomizable>1</iscustomizable>
  <isrequired>0</isrequired>
  <secretstore>0</secretstore>
  <type>100000000</type>
</environmentvariabledefinition>