{
  "properties": {
    "connectionReferences": {
      "shared_commondataserviceforapps": {
        "runtimeSource": "embedded",
        "connection": {
          "connectionReferenceLogicalName": "vcu_sharedcommondataserviceforapps_05ad0"
        },
        "api": {
          "name": "shared_commondataserviceforapps"
        }
      }
    },
    "definition": {
      "$schema": "https://schema.management.azure.com/providers/Microsoft.Logic/schemas/2016-06-01/workflowdefinition.json#",
      "contentVersion": "1.0.0.0",
      "parameters": {
        "$connections": {
          "defaultValue": {},
          "type": "Object"
        },
        "$authentication": {
          "defaultValue": {},
          "type": "SecureObject"
        }
      },
      "triggers": {
        "manual": {
          "metadata": {
            "operationMetadataId": "d6c2ccc9-671f-48ff-a38f-11c31f4c2b7e"
          },
          "type": "Request",
          "kind": "PowerAppV2",
          "inputs": {
            "schema": {
              "type": "object",
              "properties": {
                "text": {
                  "title": "PhoneNumber",
                  "type": "string",
                  "x-ms-dynamically-added": true,
                  "description": "Please enter your input",
                  "x-ms-content-hint": "TEXT"
                },
                "text_1": {
                  "title": "PhoneNumberNoFormat",
                  "type": "string",
                  "x-ms-dynamically-added": true,
                  "description": "Please enter your input",
                  "x-ms-content-hint": "TEXT"
                },
                "text_2": {
                  "title": "MobileField",
                  "type": "string",
                  "x-ms-dynamically-added": true,
                  "description": "Please enter your input",
                  "x-ms-content-hint": "TEXT"
                }
              },
              "required": [
                "text",
                "text_1",
                "text_2"
              ]
            }
          }
        }
      },
      "actions": {
        "Condition": {
          "actions": {
            "List_Contacts_filtered_by_PhoneNumber": {
              "runAfter": {},
              "metadata": {
                "operationMetadataId": "4a2894d7-f754-47db-b77d-df0155714078"
              },
              "type": "OpenApiConnection",
              "inputs": {
                "host": {
                  "connectionName": "shared_commondataserviceforapps",
                  "operationId": "ListRecords",
                  "apiId": "/providers/Microsoft.PowerApps/apis/shared_commondataserviceforapps"
                },
                "parameters": {
                  "entityName": "contacts",
                  "fetchXml": "<fetch version=\"1.0\" output-format=\"xml-platform\" mapping=\"logical\" distinct=\"false\">\n  <entity name=\"contact\">\n    <attribute name=\"fullname\" />\n    <attribute name=\"telephone1\" />\n    <attribute name=\"contactid\" />\n\t<attribute name=\"vcu_ssn\" />\n\t<attribute name=\"mobilephone\" />\n\t<attribute name=\"address1_composite\" />\n\t<attribute name=\"vcu_cif\" />\n\t<attribute name=\"vcu_formattedssn\" />\n\t<attribute name=\"statuscode\" />\n\t<attribute name=\"statecode\" />\n    <order attribute=\"fullname\" descending=\"false\" />\n    <filter type=\"and\">\n      <filter type=\"and\">\n        <condition attribute=\"statecode\" operator=\"eq\" value=\"0\" />\n        <filter type=\"or\">\n          <condition attribute=\"@{triggerBody()['text_2']}\" operator=\"eq\" value=\"@{triggerBody()['text']}\" />\n          <condition attribute=\"@{triggerBody()['text_2']}\" operator=\"eq\" value=\"@{triggerBody()['text_1']}\" />\n        </filter>\n      </filter>\n    </filter>\n  </entity>\n</fetch>"
                },
                "authentication": "@parameters('$authentication')"
              }
            },
            "Count_of_Filtered_Contacts": {
              "runAfter": {
                "List_Contacts_filtered_by_PhoneNumber": [
                  "Succeeded"
                ]
              },
              "metadata": {
                "operationMetadataId": "c92c50ef-8036-4cd7-9d73-5f51f4065fea"
              },
              "type": "Compose",
              "inputs": "@length(outputs('List_Contacts_filtered_by_PhoneNumber')?['body/value'])"
            },
            "If_Filtered_Contacts_are_not_null": {
              "actions": {
                "Response_-_Filtered_Contacts": {
                  "runAfter": {},
                  "metadata": {
                    "operationMetadataId": "644bc58a-d3d0-4c66-a80c-fdf4ab7c01b9"
                  },
                  "type": "Response",
                  "kind": "Http",
                  "inputs": {
                    "statusCode": 200,
                    "body": "@outputs('List_Contacts_filtered_by_PhoneNumber')?['body/value']",
                    "schema": {
                      "type": "array",
                      "items": {
                        "type": "object",
                        "properties": {
                          "@@odata.type": {
                            "type": "string"
                          },
                          "@@odata.id": {
                            "type": "string"
                          },
                          "@@odata.etag": {
                            "type": "string"
                          },
                          "@@odata.editLink": {
                            "type": "string"
                          },
                          "vcu_ssn": {
                            "type": "string"
                          },
                          "fullname": {
                            "type": "string"
                          },
                          "mobilephone": {
                            "type": "string"
                          },
                          "address1_composite": {
                            "type": "string"
                          },
                          "vcu_cif": {
                            "type": "string"
                          },
                          "address1_line2": {
                            "type": "string"
                          },
                          "address1_line1": {
                            "type": "string"
                          },
                          "address1_city": {
                            "type": "string"
                          },
                          "address1_stateorprovince": {
                            "type": "string"
                          },
                          "address1_postalcode": {
                            "type": "string"
                          },
                          "contactid@odata.type": {
                            "type": "string"
                          },
                          "contactid": {
                            "type": "string"
                          },
                          "address1_telephone1": {
                            "type": "string"
                          },
                          "address1_telephone2": {
                            "type": "string"
                          },
                          "address1_telephone3": {
                            "type": "string"
                          },
                          "telephone1": {
                            "type": "string"
                          },
                          "telephone2": {
                            "type": "string"
                          },
                          "home2": {
                            "type": "string"
                          },
                          "business2": {
                            "type": "string"
                          },
                          "vcu_formattedssn": {
                            "type": "string"
                          }
                        },
                        "required": [
                          "contactid"
                        ]
                      }
                    }
                  }
                }
              },
              "runAfter": {
                "Count_of_Filtered_Contacts": [
                  "Succeeded"
                ]
              },
              "else": {
                "actions": {
                  "Response": {
                    "runAfter": {},
                    "metadata": {
                      "operationMetadataId": "7f8b7dbe-19e2-4ab3-9f3f-475d989a1485"
                    },
                    "type": "Response",
                    "kind": "Http",
                    "inputs": {
                      "statusCode": 200,
                      "body": "@json('[]')"
                    }
                  }
                }
              },
              "expression": {
                "greater": [
                  "@length(outputs('List_Contacts_filtered_by_PhoneNumber')?['body/value'])",
                  0
                ]
              },
              "metadata": {
                "operationMetadataId": "8449de3c-d3a0-4038-b9c4-1751ef046135"
              },
              "type": "If"
            }
          },
          "runAfter": {},
          "expression": {
            "and": [
              {
                "not": {
                  "equals": [
                    "@triggerBody()['text']",
                    "@null"
                  ]
                }
              },
              {
                "not": {
                  "equals": [
                    "@triggerBody()['text_1']",
                    "@null"
                  ]
                }
              },
              {
                "not": {
                  "equals": [
                    "@triggerBody()['text_2']",
                    "@null"
                  ]
                }
              }
            ]
          },
          "metadata": {
            "operationMetadataId": "077e4aa5-d958-4b37-b163-81cca9d21117"
          },
          "type": "If"
        }
      }
    },
    "templateName": ""
  },
  "schemaVersion": "1.0.0.0"
}